"Number","Unit","Topic","Course","Question","Answer","Image"
"1","Energy","Energy stores and systems","Combined","Name the eight stores of energy.","Chemical, electrostatic, magnetic, elastic potential, nuclear, thermal, kinetic and gravitational potential",""
"2","Energy","Energy stores and systems","Combined","State the law of conservation of energy.","Energy can be transferred usefully, stored or dissipated, but it cannot be created or destroyed.",""
"3","Energy","Energy stores and systems","Combined","Define a closed system.","A system that no energy enters or leaves, so there is no net change in its total energy.",""
"4","Energy","Energy stores and systems","Combined","Define work done.","The energy transferred when a force moves an object through a distance.",""
"5","Energy","Energy stores and systems","Combined","State the SI unit of energy.","Joule (J)",""
"6","Energy","Energy stores and systems","Combined","Name the store of energy associated with fuels and batteries.","The chemical energy store",""
"7","Energy","Energy stores and systems","Combined","Describe the change in the chemical energy store as fuel is burned.","It decreases.",""
"8","Energy","Energy stores and systems","Combined","Name the store of energy associated with changes in speed.","The kinetic energy store",""
"9","Energy","Energy stores and systems","Combined","Describe the change in the kinetic energy store as the speed of an object decreases.","It decreases.",""
"10","Energy","Energy stores and systems","Combined","Name the store of energy associated with changes in height.","The gravitational potential energy store",""
"11","Energy","Energy stores and systems","Combined","Describe the change in the gravitational potential energy store as the height of an object increases.","It increases.",""
"12","Energy","Energy stores and systems","Combined","Name the store of energy associated with extending and compressing objects.","The elastic potential energy store",""
"13","Energy","Energy stores and systems","Combined","Describe the change in the elastic potential energy store as an object becomes more compressed.","It increases.",""
"14","Energy","Energy stores and systems","Combined","Name the store of energy associated with changes in temperature.","The thermal energy store",""
"15","Energy","Energy stores and systems","Combined","Describe the change in the thermal energy store as the temperature of an object increases.","It increases.",""
"16","Energy","Energy stores and systems","Combined","Name the four ways in which energy can be transferred between stores.","Mechanically (by a force), electrically (by a current), by heating, and by radiation (waves)",""
"17","Energy","Energy stores and systems","Combined","Name the type of energy transfer that takes place when a force moves an object.","Mechanical transfer (work done by a force)",""
"18","Energy","Energy stores and systems","Combined","Name the type of energy transfer that takes place when an object emits light or sound.","Transfer by radiation (waves)",""
"19","Energy","Energy stores and systems","Combined","Name the type of energy transfer that takes place when a hot object raises the temperature of a cooler one.","Transfer by heating",""
"638","Energy","Energy stores and systems","Combined","Define a system.","An object or a group of objects.",""
"639","Energy","Energy stores and systems","Combined","State what happens to the energy of a system when the system changes.","The way the energy is stored changes: energy is transferred from one store to another.",""
"640","Energy","Energy stores and systems","Combined","In words, state the equation that links kinetic energy, mass and speed.","kinetic energy = 0.5 × mass × speed²
(Ek = ½ m v²)",""
"641","Energy","Energy stores and systems","Combined","In words, state the equation that links gravitational potential energy, mass, gravitational field strength and height.","gravitational potential energy = mass × gravitational field strength × height
(Ep = m g h)",""
"642","Energy","Energy stores and systems","Combined","In words, state the equation that links elastic potential energy, spring constant and extension.","elastic potential energy = 0.5 × spring constant × extension²
(Ee = ½ k e²)",""
"643","Energy","Energy stores and systems","Combined","Name the two quantities that the kinetic energy of an object depends on.","Its mass and its speed",""
"644","Energy","Energy stores and systems","Combined","Name the three quantities that the gravitational potential energy of an object depends on.","Its mass, the gravitational field strength and its height",""
"645","Energy","Energy stores and systems","Combined","A ball is thrown straight up. Describe the changes in its energy stores as it rises.","Its kinetic energy store decreases and its gravitational potential energy store increases.",""
"646","Energy","Energy stores and systems","Combined","An electric kettle is switched on. Describe the useful energy transfer.","Energy is transferred electrically to the thermal energy store of the water.",""
"20","Energy","Specific heat capacity (RP)","Combined","State the three variables that the change in the thermal energy store depends on.","Mass, specific heat capacity and change in temperature",""
"21","Energy","Specific heat capacity (RP)","Combined","State what this combination of symbols represents: Δθ","Change in temperature",""
"22","Energy","Specific heat capacity (RP)","Combined","State the SI unit of specific heat capacity.","Joule per kilogram per degree Celsius (J/kg °C)",""
"23","Energy","Specific heat capacity (RP)","Combined","Define specific heat capacity.","The energy required to raise the temperature of 1 kg of a substance by 1 °C.",""
"24","Energy","Specific heat capacity (RP)","Combined","If a material has a relatively high value for specific heat capacity, state and explain whether it is relatively hard or easy to heat up.","Hard to heat up.
It takes a lot of energy to raise the temperature of 1 kg by 1 °C.",""
"25","Energy","Specific heat capacity (RP)","Combined","State the three variables that need to be measured to establish the specific heat capacity of a substance.","Energy supplied to the substance, mass of the substance and temperature increase of the substance",""
"26","Energy","Specific heat capacity (RP)","Combined","Name the piece of equipment used to measure temperature.","A thermometer",""
"27","Energy","Specific heat capacity (RP)","Combined","Name the piece of equipment used to measure mass.","A balance",""
"28","Energy","Specific heat capacity (RP)","Combined","Explain why a Bunsen burner is not used to heat a material when measuring specific heat capacity.","The energy it supplies cannot be measured easily (and a lot is transferred to the surroundings).",""
"29","Energy","Specific heat capacity (RP)","Combined","Explain why an electrical heater is used to heat a material when measuring specific heat capacity.","The energy supplied can be calculated from the potential difference, current and time (or measured with a joulemeter).",""
"647","Energy","Specific heat capacity (RP)","Combined","In words, state the equation that links change in thermal energy, mass, specific heat capacity and temperature change.","change in thermal energy = mass × specific heat capacity × temperature change
(ΔE = m c Δθ)",""
"648","Energy","Specific heat capacity (RP)","Combined","When measuring specific heat capacity, explain why the block is wrapped in insulation.","To reduce the energy transferred to the surroundings, so that nearly all the energy supplied heats the block.",""
"649","Energy","Specific heat capacity (RP)","Combined","Explain why the value of specific heat capacity found by experiment is usually higher than the true value.","Some of the energy supplied is transferred to the surroundings, so more energy is supplied than the block actually gains.",""
"31","Energy","Conservation of energy, power and efficiency","Combined","Define power.","The rate at which energy is transferred (or the rate at which work is done).",""
"32","Energy","Conservation of energy, power and efficiency","Combined","State the SI unit of power.","Watt (W)",""
"33","Energy","Conservation of energy, power and efficiency","Combined","State the SI unit of time.","Second (s)",""
"34","Energy","Conservation of energy, power and efficiency","Combined","State a unit that is equivalent to 1 W.","1 J/s (one joule per second)",""
"35","Energy","Conservation of energy, power and efficiency","Combined","State the term used to describe energy that is transferred to stores but is not useful.","Wasted energy",""
"36","Energy","Conservation of energy, power and efficiency","Combined","State how unwanted energy transfers can be reduced.","By lubrication and by thermal insulation.",""
"37","Energy","Conservation of energy, power and efficiency","Combined","Lubricating moving parts reduces unwanted energy transfers to which energy store?","The thermal energy store (of the parts and the surroundings)",""
"38","Energy","Conservation of energy, power and efficiency","Combined","In terms of energy, describe what it means for a device to be efficient.","Most of the input energy is transferred usefully; only a small fraction is wasted.",""
"39","Energy","Conservation of energy, power and efficiency","Combined","State the unit of efficiency.","It has no unit (it is a ratio, given as a decimal or a percentage).",""
"40","Energy","Conservation of energy, power and efficiency","Combined","State how the efficiency of a mechanical energy transfer can be increased.","By lubricating any moving parts to reduce friction.",""
"41","Energy","Conservation of energy, power and efficiency","Combined","State how the efficiency of a heating energy transfer can be increased.","By adding thermal insulation.",""
"42","Energy","Conservation of energy, power and efficiency","Combined","Two torches each have an input power of 50 W. Torch A has a useful output power of 40 W. Torch B has a useful output power of 45 W. State and explain which torch is more efficient.","Torch B.
It transfers a greater fraction of the input power usefully (90% compared with 80%).",""
"43","Energy","Conservation of energy, power and efficiency","Combined","Two heaters each have a useful output power of 2000 W. Heater A has an input power of 2500 W. Heater B has an input power of 2600 W. State and explain which heater is more efficient.","Heater A.
It wastes a smaller fraction of the input power (it is 80% efficient; heater B is 77%).",""
"650","Energy","Conservation of energy, power and efficiency","Combined","In words, state the equation that links power, energy transferred and time.","power = energy transferred ÷ time
(P = E ÷ t)",""
"651","Energy","Conservation of energy, power and efficiency","Combined","In words, state the equation that links power, work done and time.","power = work done ÷ time
(P = W ÷ t)",""
"652","Energy","Conservation of energy, power and efficiency","Combined","In words, state the equation for efficiency in terms of energy.","efficiency = useful output energy transfer ÷ total input energy transfer",""
"653","Energy","Conservation of energy, power and efficiency","Combined","In words, state the equation for efficiency in terms of power.","efficiency = useful power output ÷ total power input",""
"654","Energy","Conservation of energy, power and efficiency","Combined","State what is meant by dissipated energy.","Energy that is transferred to the surroundings and stored in less useful ways (it is 'wasted').",""
"655","Energy","Conservation of energy, power and efficiency","Combined","State what eventually happens to wasted energy.","It is transferred to the surroundings, which become slightly warmer.",""
"656","Energy","Conservation of energy, power and efficiency","Combined","Two motors lift the same load through the same height. Motor A does it in less time. State and explain which motor is more powerful.","Motor A.
It transfers the same amount of energy in a shorter time.",""
"657","Energy","Conservation of energy, power and efficiency","Combined","Explain why the efficiency of a device can never be greater than 1 (100%).","Energy cannot be created, so the useful output energy cannot be greater than the total input energy.",""
"44","Energy","Thermal conductivity and insulation","Combined","Describe the relationship between the thermal conductivity of a material and the rate of energy transfer through it by thermal conduction.","The larger the thermal conductivity of the material, the higher the rate of energy transfer through it by thermal conduction.",""
"45","Energy","Thermal conductivity and insulation","Combined","Name two variables that affect the rate of cooling of a building through its walls.","Thickness of the walls and thermal conductivity of the walls",""
"46","Energy","Thermal conductivity and insulation","Combined","Describe the relationship between the thickness of a building's walls and the rate of energy loss from the building.","As the thickness of the walls increases, the rate of energy loss decreases.",""
"47","Energy","Thermal conductivity and insulation","Combined","Describe the relationship between the thermal conductivity of a building's walls and the rate of energy loss from the building.","As the thermal conductivity of the walls increases, the rate of energy loss increases.",""
"48","Energy","Thermal conductivity and insulation","Combined","Explain the purpose of using a good thermal insulator.","To reduce unwanted energy transfers by heating.",""
"49","Energy","(S) Thermal insulation (RP)","Separate","Name the pieces of equipment required to compare the effectiveness of thermal insulators.","A beaker of hot water, different insulating materials, a thermometer and a stopwatch",""
"50","Energy","(S) Thermal insulation (RP)","Separate","In an investigation to compare which thermal insulating material is most effective, name the independent variable.","The type of insulating material",""
"51","Energy","(S) Thermal insulation (RP)","Separate","In an investigation to compare which thermal insulating material is most effective, name the dependent variable.","The temperature change (fall) of the water in a set time",""
"52","Energy","(S) Thermal insulation (RP)","Separate","In an investigation to compare which thermal insulating material is most effective, name three variables that need to be controlled.","Any three from: volume of water, starting temperature of the water, thickness of the insulation, cooling time",""
"53","Energy","(S) Thermal insulation (RP)","Separate","Name the piece of equipment used to measure time.","A stopwatch (or timer)",""
"658","Energy","Thermal conductivity and insulation","Combined","Explain why loft insulation reduces the heating bills of a house.","It has a low thermal conductivity, so it reduces the rate of energy transfer by conduction out of the house.",""
"659","Energy","(S) Thermal insulation (RP)","Separate","In the thermal insulation practical, explain why each beaker must start at the same temperature.","Hotter water cools more quickly, so a different starting temperature would make the comparison unfair.",""
"55","Energy","Energy resources","Combined","Name the three main uses for energy resources.","Transport, electricity generation and heating",""
"56","Energy","Energy resources","Combined","Define a renewable energy resource.","An energy resource that is being (or can be) replenished as it is used.",""
"57","Energy","Energy resources","Combined","Name the nine main energy resources.","Fossil fuels, nuclear fuel, biofuel, wind, hydroelectricity, geothermal, the tides, the Sun (solar) and water waves",""
"58","Energy","Energy resources","Combined","Name the three types of fossil fuels.","Coal, oil and natural gas",""
"59","Energy","Energy resources","Combined","Identify the two main non-renewable energy resources.","Fossil fuels and nuclear fuel",""
"60","Energy","Energy resources","Combined","Name two energy resources which involve burning or combustion.","Fossil fuels and biofuel",""
"61","Energy","Energy resources","Combined","In terms of energy resources, state what reliable means.","The resource can supply energy whenever it is needed, in a predictable way.",""
"62","Energy","Energy resources","Combined","Explain why solar power is not reliable in every country.","The amount of sunlight varies with the weather and the time of day (there is none at night).",""
"63","Energy","Energy resources","Combined","Explain why wind power is not reliable in every country.","The wind speed varies, and sometimes there is no wind.",""
"64","Energy","Energy resources","Combined","Explain why fossil fuels are considered reliable.","They can be burned at any time, in varying amounts, to match demand.",""
"65","Energy","Energy resources","Combined","Explain why hydroelectricity is considered reliable.","The flow of water through a dam can be adjusted depending on demand.",""
"66","Energy","Energy resources","Combined","Identify the energy resource that contributes most to climate change.","Fossil fuels",""
"67","Energy","Energy resources","Combined","Other than climate change, name two important environmental factors when considering which energy resource to use.","Any two from: destruction of habitats, air pollution (e.g. acid rain), radioactive waste, visual or noise pollution",""
"68","Energy","Energy resources","Combined","Name two energy resources that can be used for transport involving internal combustion engines.","Fossil fuels and biofuel",""
"69","Energy","Energy resources","Combined","Name the energy resources that can be used for electricity generation.","Fossil fuels, nuclear fuel, biofuel, wind, hydroelectricity, solar, geothermal, tidal and wave",""
"70","Energy","Energy resources","Combined","Name the energy resources that can be used for heating.","Fossil fuels, biofuel, geothermal and solar",""
"71","Energy","Energy resources","Combined","State four types of consideration that affect the choice of energy resource for an area.","Environmental, political, social and economic considerations",""
"660","Energy","Energy resources","Combined","Define a non-renewable energy resource.","An energy resource that is not being replenished as it is used, so it will eventually run out.",""
"661","Energy","Energy resources","Combined","Explain why nuclear fuel is a non-renewable energy resource.","There is a finite supply of uranium and plutonium, and it is not replenished as it is used.",""
"662","Energy","Energy resources","Combined","Give one advantage of nuclear power compared with burning fossil fuels.","No carbon dioxide is produced when the electricity is generated, so it does not contribute to climate change.",""
"663","Energy","Energy resources","Combined","Give one disadvantage of nuclear power.","It produces radioactive waste, which stays hazardous for a very long time (and power stations are expensive to decommission).",""
"664","Energy","Energy resources","Combined","Name the gas released by burning fossil fuels that contributes most to climate change.","Carbon dioxide",""
"665","Energy","Energy resources","Combined","Other than climate change, state one environmental problem caused by burning fossil fuels.","Acid rain (caused by sulfur dioxide)",""
"666","Energy","Energy resources","Combined","State one environmental impact of a hydroelectric dam or tidal barrage.","It floods land or changes river and estuary habitats, harming wildlife.",""
"667","Energy","Energy resources","Combined","Explain why tidal power is more reliable than wind power.","The tides are predictable and happen every day; the wind is not predictable.",""
"668","Energy","Energy resources","Combined","Explain why scientists can identify environmental issues but cannot always deal with them.","Because of political, social, ethical or economic considerations.",""
"72","Electricity","Standard circuit diagram symbols","Combined","Name the components labelled A to E in the diagram.","A: open switch
B: closed switch
C: cell
D: battery
E: diode","symbols-a-e.svg"
"73","Electricity","Standard circuit diagram symbols","Combined","Name the components labelled F to J in the diagram.","F: resistor
G: variable resistor
H: light-emitting diode (LED)
I: lamp
J: fuse","symbols-f-j.svg"
"74","Electricity","Standard circuit diagram symbols","Combined","Name the components labelled K to N in the diagram.","K: voltmeter
L: ammeter
M: thermistor
N: light-dependent resistor (LDR)","symbols-k-n.svg"
"75","Electricity","Standard circuit diagram symbols","Combined","State the function of a cell or battery.","To provide the potential difference that makes charge flow round the circuit.",""
"76","Electricity","Standard circuit diagram symbols","Combined","State the difference between a cell and a battery.","A battery is two or more cells connected together.",""
"77","Electricity","Standard circuit diagram symbols","Combined","State the function of a diode.","To allow current in one direction only.",""
"78","Electricity","Standard circuit diagram symbols","Combined","State the function of a resistor.","To limit (reduce) the current in a circuit.",""
"79","Electricity","Standard circuit diagram symbols","Combined","State the function of a variable resistor.","To provide a resistance that can be changed, so the current can be controlled.",""
"80","Electricity","Standard circuit diagram symbols","Combined","State the function of an LED.","To emit light when there is a current through it in the forward direction.",""
"81","Electricity","Standard circuit diagram symbols","Combined","State the function of a fuse.","To melt and break the circuit if the current becomes too large.",""
"82","Electricity","Standard circuit diagram symbols","Combined","State the function of a voltmeter.","To measure potential difference.",""
"83","Electricity","Standard circuit diagram symbols","Combined","Explain which diagram, A or B, shows a voltmeter connected correctly to measure the potential difference across the lamp.","B.
The voltmeter is connected in parallel with the lamp.","voltmeter-choice.svg"
"84","Electricity","Standard circuit diagram symbols","Combined","State the function of an ammeter.","To measure current.",""
"85","Electricity","Standard circuit diagram symbols","Combined","Explain which diagram, A or B, shows an ammeter connected correctly to measure the current through the lamp.","A.
The ammeter is connected in series with the lamp.","ammeter-choice.svg"
"86","Electricity","Standard circuit diagram symbols","Combined","State the function of a thermistor.","Its resistance changes with temperature, so it is used as a temperature sensor.",""
"87","Electricity","Standard circuit diagram symbols","Combined","State the function of an LDR.","Its resistance changes with light intensity, so it is used as a light sensor.",""
"88","Electricity","Current, resistance and potential difference","Combined","Define an electrical conductor.","A material that allows charge (an electric current) to flow through it.",""
"89","Electricity","Current, resistance and potential difference","Combined","Name the charged subatomic particles that can flow in metals.","Electrons (free electrons)",""
"90","Electricity","Current, resistance and potential difference","Combined","Define electric current.","The rate of flow of electrical charge.",""
"91","Electricity","Current, resistance and potential difference","Combined","State the SI units of charge, current and time.","Charge: coulomb (C)
Current: ampere (A)
Time: second (s)",""
"92","Electricity","Current, resistance and potential difference","Combined","Describe the current at different points in a single closed loop of a circuit.","It has the same value at every point in the loop.",""
"93","Electricity","Current, resistance and potential difference","Combined","Name the two variables that the current flowing through a component depends on.","The potential difference across the component and the resistance of the component",""
"94","Electricity","Current, resistance and potential difference","Combined","If the potential difference across a component with fixed resistance is increased, describe the effect on the current.","The current increases.",""
"95","Electricity","Current, resistance and potential difference","Combined","If the resistance of a component is increased with a constant potential difference across it, describe the effect on the current.","The current decreases.",""
"96","Electricity","Current, resistance and potential difference","Combined","State the SI units of potential difference and resistance.","Potential difference: volt (V)
Resistance: ohm (Ω)",""
"97","Electricity","Current, resistance and potential difference","Combined","Name the type of component whose resistance stays constant as the current changes (at constant temperature).","An ohmic conductor (e.g. a fixed resistor)",""
"98","Electricity","Current, resistance and potential difference","Combined","Describe the relationship between potential difference and current for an ohmic conductor at constant temperature.","Current is directly proportional to potential difference.",""
"99","Electricity","Current, resistance and potential difference","Combined","The diagram shows an I–V graph. Name the type of component that would produce this graph.","An ohmic conductor (a fixed resistor at constant temperature)","iv-ohmic.svg"
"100","Electricity","Current, resistance and potential difference","Combined","The diagram shows an I–V graph. Name the component that would produce this graph.","A filament lamp","iv-lamp.svg"
"101","Electricity","Current, resistance and potential difference","Combined","The diagram shows the I–V graph for a filament lamp. Describe how the resistance of the lamp changes as the potential difference increases.","The resistance increases as the potential difference increases.","iv-lamp.svg"
"102","Electricity","Current, resistance and potential difference","Combined","Explain why the resistance of a filament lamp increases with current.","A greater current makes the filament hotter, and the resistance of the filament increases as its temperature increases.",""
"103","Electricity","Current, resistance and potential difference","Combined","The diagram shows an I–V graph. Name the component that would produce this graph.","A diode","iv-diode.svg"
"104","Electricity","Current, resistance and potential difference","Combined","The diagram shows the I–V graph for a diode. Describe the resistance of the diode when the potential difference is in the reverse direction.","Very high (so almost no current flows).","iv-diode.svg"
"105","Electricity","Current, resistance and potential difference","Combined","For a thermistor, describe how the resistance varies with temperature.","As the temperature increases, the resistance decreases.",""
"106","Electricity","Current, resistance and potential difference","Combined","For an LDR, describe how the resistance varies with light intensity.","As the light intensity increases, the resistance decreases.",""
"107","Electricity","Current, resistance and potential difference","Combined","Give one use of a thermistor and one use of an LDR.","Thermistor: a temperature sensor, e.g. in a thermostat.
LDR: a light sensor, e.g. switching street lights on when it gets dark.",""
"669","Electricity","Current, resistance and potential difference","Combined","State the two things needed for electrical charge to flow in a circuit.","A closed (complete) circuit and a source of potential difference.",""
"670","Electricity","Current, resistance and potential difference","Combined","In words, state the equation that links charge flow, current and time.","charge flow = current × time
(Q = I t)",""
"671","Electricity","Current, resistance and potential difference","Combined","In words, state the equation that links potential difference, current and resistance.","potential difference = current × resistance
(V = I R)",""
"672","Electricity","Current, resistance and potential difference","Combined","State the condition under which the current through a resistor is directly proportional to the potential difference across it.","The temperature of the resistor must stay constant.",""
"108","Electricity","Resistance and I–V characteristics (RP)","Combined","To find the resistance of a component, identify the two variables that need to be measured experimentally.","The potential difference across the component and the current through it",""
"109","Electricity","Resistance and I–V characteristics (RP)","Combined","When investigating how the length of a wire affects the resistance of the wire, name the independent variable.","Length of the wire",""
"110","Electricity","Resistance and I–V characteristics (RP)","Combined","When investigating how the length of a wire affects the resistance of the wire, name the dependent variable.","Resistance of the wire",""
"111","Electricity","Resistance and I–V characteristics (RP)","Combined","When investigating how the length of a wire affects the resistance of the wire, name three variables that need to be controlled.","The temperature of the wire, the thickness (diameter) of the wire and the material of the wire",""
"112","Electricity","Resistance and I–V characteristics (RP)","Combined","As the length of a wire is increased, describe the effect on the resistance of the wire.","The resistance increases (resistance is directly proportional to length).",""
"113","Electricity","Resistance and I–V characteristics (RP)","Combined","When measuring the resistance of a piece of wire, it is hard to attach the crocodile clips to exactly 0 cm. Identify the type of error this causes.","A zero error (a type of systematic error)",""
"114","Electricity","Resistance and I–V characteristics (RP)","Combined","When measuring the resistance of a piece of wire, explain why the potential difference should be kept small.","To keep the current small, so the wire does not heat up (which would change its resistance).",""
"116","Electricity","Resistance and I–V characteristics (RP)","Combined","If two resistors are connected in series, state what this means in terms of loops.","They are in the same loop, one after the other.",""
"117","Electricity","Resistance and I–V characteristics (RP)","Combined","If two resistors are connected in parallel, state what this means in terms of loops.","They are on separate branches (different loops).",""
"118","Electricity","Resistance and I–V characteristics (RP)","Combined","If two resistors are connected in series, describe how the total resistance is calculated.","Add the two resistances together: R total = R₁ + R₂.",""
"120","Electricity","Resistance and I–V characteristics (RP)","Combined","A circuit has a lamp, a power supply and a variable resistor in series. State two ways to increase the potential difference across the lamp.","Increase the potential difference of the power supply (e.g. add more cells).
Decrease the resistance of the variable resistor.",""
"121","Electricity","Resistance and I–V characteristics (RP)","Combined","When finding the I–V characteristic of a component, name the independent and dependent variables.","Independent: potential difference across the component
Dependent: current through the component",""
"673","Electricity","Resistance and I–V characteristics (RP)","Combined","Describe the graph of resistance against length for a wire.","A straight line through the origin (resistance is directly proportional to length).",""
"123","Electricity","Series and parallel circuits","Combined","Name the two main ways in which components can be joined together in a circuit.","In series and in parallel",""
"124","Electricity","Series and parallel circuits","Combined","Describe the current through different components connected in series.","The current is the same through each component.",""
"125","Electricity","Series and parallel circuits","Combined","Describe the potential difference across different components when they are connected in series.","The total potential difference is shared between the components (but not necessarily equally).",""
"126","Electricity","Series and parallel circuits","Combined","Describe the total resistance of components connected in series.","It is the sum of the individual resistances.",""
"127","Electricity","Series and parallel circuits","Combined","Describe the current through different components connected in parallel.","The total current from the supply is the sum of the currents through the separate branches.",""
"128","Electricity","Series and parallel circuits","Combined","In the circuit shown, the lamp is lit. Describe what happens to the reading on the ammeter when the switch is closed.","The reading does not change.
The lamp and the resistor are on separate parallel branches, so the potential difference across the lamp stays the same.","parallel-switch.svg"
"129","Electricity","Series and parallel circuits","Combined","Describe the potential difference across different components when they are connected in parallel.","The potential difference across each component is the same (it is not shared).",""
"636","Electricity","Series and parallel circuits","Combined","Describe the total resistance of two resistors connected in parallel.","It is less than the resistance of the smaller individual resistor.",""
"674","Electricity","Series and parallel circuits","Combined","Explain why adding resistors in series increases the total resistance.","The supply potential difference is shared between more resistors, so the current is smaller for the same potential difference.",""
"675","Electricity","Series and parallel circuits","Combined","Explain why adding resistors in parallel decreases the total resistance.","Each new branch gives the charge another path, so the total current increases for the same potential difference.",""
"676","Electricity","Series and parallel circuits","Combined","Several lamps are connected in series and one of them breaks. State what happens to the other lamps.","They all go out, because the circuit is no longer complete.",""
"677","Electricity","Series and parallel circuits","Combined","Give two advantages of connecting lamps in parallel rather than in series.","Each lamp can be switched on and off separately, and if one lamp breaks the others stay lit (each lamp also gets the full supply potential difference).",""
"130","Electricity","Mains electricity and the National Grid","Combined","What do a.c. and d.c. stand for?","Alternating current and direct current",""
"131","Electricity","Mains electricity and the National Grid","Combined","What is an alternating current (a.c.)?","A current that repeatedly reverses direction.",""
"132","Electricity","Mains electricity and the National Grid","Combined","State the frequency and potential difference of the UK mains electricity supply.","50 Hz and about 230 V",""
"133","Electricity","Mains electricity and the National Grid","Combined","State the colour of the insulation on the live, neutral and earth wires.","Live: brown
Neutral: blue
Earth: green and yellow stripes",""
"134","Electricity","Mains electricity and the National Grid","Combined","State the function of the live wire in a three-core cable.","It carries the alternating potential difference from the supply.",""
"135","Electricity","Mains electricity and the National Grid","Combined","State the function of the neutral wire in a three-core cable.","It completes the circuit.",""
"136","Electricity","Mains electricity and the National Grid","Combined","State the function of the earth wire in a three-core cable.","It is a safety wire that stops the appliance (its casing) becoming live.",""
"137","Electricity","Mains electricity and the National Grid","Combined","State the potential difference between the live wire and the earth wire.","About 230 V",""
"138","Electricity","Mains electricity and the National Grid","Combined","In a three-core cable, name the wires that are at, or close to, 0 V.","The earth wire (0 V) and the neutral wire (at or close to 0 V)",""
"139","Electricity","Mains electricity and the National Grid","Combined","State when the earth wire will carry a current.","Only when there is a fault.",""
"140","Electricity","Mains electricity and the National Grid","Combined","In a plug, name the wire that is connected to the fuse.","The live wire",""
"141","Electricity","Mains electricity and the National Grid","Combined","Explain why touching the live wire is dangerous even when the switch of the appliance is open.","The live wire is still at about 230 V and the person is at 0 V, so there is a large potential difference across them and a current flows through their body to earth.",""
"142","Electricity","Mains electricity and the National Grid","Combined","Define power in terms of energy.","The rate at which energy is transferred.",""
"143","Electricity","Mains electricity and the National Grid","Combined","State the SI unit of power.","Watt (W)",""
"144","Electricity","Mains electricity and the National Grid","Combined","Give two variables that affect the amount of energy transferred by an appliance.","The power of the appliance and the time it is switched on for",""
"145","Electricity","Mains electricity and the National Grid","Combined","If the power rating of an appliance is higher, state the effect on the energy it transfers each second.","It transfers more energy each second.",""
"146","Electricity","Mains electricity and the National Grid","Combined","Describe the components and purpose of the National Grid.","A system of cables and transformers.
It links power stations to consumers.",""
"147","Electricity","Mains electricity and the National Grid","Combined","State what is transferred across the National Grid.","Electrical power",""
"148","Electricity","Mains electricity and the National Grid","Combined","State the function of transformers.","To increase or decrease the potential difference (which also changes the current).",""
"149","Electricity","Mains electricity and the National Grid","Combined","What does a step-up transformer do to the potential difference?","It increases it.",""
"150","Electricity","Mains electricity and the National Grid","Combined","What does a step-up transformer do to the current?","It decreases it.",""
"151","Electricity","Mains electricity and the National Grid","Combined","Explain why step-up transformers are used to increase the potential difference across transmission cables.","A higher potential difference means a smaller current for the same power, so less energy is wasted heating the cables.",""
"678","Electricity","Mains electricity and the National Grid","Combined","Define direct current (d.c.).","A current that flows in one direction only.",""
"679","Electricity","Mains electricity and the National Grid","Combined","Name a source of direct current.","A cell or battery",""
"680","Electricity","Mains electricity and the National Grid","Combined","In words, state the equation that links power, potential difference and current.","power = potential difference × current
(P = V I)",""
"681","Electricity","Mains electricity and the National Grid","Combined","In words, state the equation that links power, current and resistance.","power = current² × resistance
(P = I² R)",""
"682","Electricity","Mains electricity and the National Grid","Combined","In words, state the equation that links energy transferred, power and time.","energy transferred = power × time
(E = P t)",""
"683","Electricity","Mains electricity and the National Grid","Combined","In words, state the equation that links energy transferred, charge flow and potential difference.","energy transferred = charge flow × potential difference
(E = Q V)",""
"684","Electricity","Mains electricity and the National Grid","Combined","A battery-powered fan is switched on. Describe the useful energy transfer.","Energy is transferred electrically from the chemical energy store of the battery to the kinetic energy store of the fan.",""
"685","Electricity","Mains electricity and the National Grid","Combined","Explain why step-down transformers are used before electricity reaches homes.","To reduce the potential difference to a much lower, safer value (230 V) for domestic use.",""
"686","Electricity","Mains electricity and the National Grid","Combined","Explain why any connection between the live wire and earth is dangerous.","A very large current would flow to earth, which could cause a fire or a fatal electric shock.",""
"152","Electricity","(S) Static charge and electric fields","Separate","Describe how insulating materials can be made to be electrically charged.","By rubbing them together: friction transfers electrons from one material to the other.",""
"153","Electricity","(S) Static charge and electric fields","Separate","Describe how a material can become negatively charged.","By gaining electrons.",""
"154","Electricity","(S) Static charge and electric fields","Separate","Describe how a material can become positively charged.","By losing electrons.",""
"155","Electricity","(S) Static charge and electric fields","Separate","Describe what occurs when two electrically charged objects are brought close together.","They exert a force on each other: like charges repel and opposite charges attract.",""
"156","Electricity","(S) Static charge and electric fields","Separate","State whether electrostatic force is a contact force or non-contact force.","Non-contact force",""
"157","Electricity","(S) Static charge and electric fields","Separate","Explain why there is no potential difference between two insulating objects before they are rubbed together.","Both objects are neutral (uncharged), so there is no difference in charge between them.",""
"158","Electricity","(S) Static charge and electric fields","Separate","Name the type of field that surrounds every charged object.","An electric field",""
"159","Electricity","(S) Static charge and electric fields","Separate","State where the electric field around a charged object is strongest.","Closest to the object.",""
"160","Electricity","(S) Static charge and electric fields","Separate","Describe the relationship between the distance to an electric charge and the strength of the electric field.","As the distance to the electric charge decreases, the strength of the electric field increases.",""
"161","Electricity","(S) Static charge and electric fields","Separate","State the direction in which electric field lines point.","Away from positive charges and towards negative charges.",""
"162","Electricity","(S) Static charge and electric fields","Separate","Explain which diagram, A or B, shows the correct electric field lines around a negatively charged object.","A.
The field lines point towards the negative charge.","field-negative-choice.svg"
"163","Electricity","(S) Static charge and electric fields","Separate","Explain why a charged object experiences a force when close to another charged object.","The electric field of each object exerts a force on the other object.",""
"164","Electricity","(S) Static charge and electric fields","Separate","State how the size of the force between two charged objects can be increased.","By moving them closer together (or by increasing the charge on them).",""
"687","Electricity","(S) Static charge and electric fields","Separate","State what happens when two objects carrying the same type of charge are brought close together.","They repel each other.",""
"688","Electricity","(S) Static charge and electric fields","Separate","State what happens when two objects carrying opposite charges are brought close together.","They attract each other.",""
"689","Electricity","(S) Static charge and electric fields","Separate","A plastic rod becomes negatively charged when it is rubbed with a cloth. State and explain the charge on the cloth.","The cloth has an equal positive charge, because it has lost the electrons that the rod gained.",""
"690","Electricity","(S) Static charge and electric fields","Separate","Define an electric field.","The region around a charged object in which another charged object experiences a force.",""
"691","Electricity","(S) Static charge and electric fields","Separate","Describe the electric field pattern around an isolated positively charged sphere.","Straight field lines spreading out from the sphere in all directions (radially), pointing away from it.",""
"692","Electricity","(S) Static charge and electric fields","Separate","Explain how a spark is produced between a charged object and an earthed conductor.","The charge creates a strong electric field between them. The field ionises the air, so the air conducts and charge flows across the gap as a spark.",""
"165","Particle model of matter","Density of materials","Combined","Define density.","The mass per unit volume of a substance.",""
"166","Particle model of matter","Density of materials","Combined","State the SI unit of volume.","Cubic metre (m³)",""
"167","Particle model of matter","Density of materials","Combined","State the SI unit of density.","Kilogram per cubic metre (kg/m³)",""
"168","Particle model of matter","Density of materials","Combined","Which state of matter can be compressed easily?","Gas",""
"169","Particle model of matter","Density of materials","Combined","Explain why solids and liquids cannot be compressed easily.","Their particles are already touching, with almost no space between them.",""
"170","Particle model of matter","Density of materials","Combined","Describe the motion of particles in a solid.","They vibrate around a fixed position.",""
"171","Particle model of matter","Density of materials","Combined","Describe the motion of particles in a liquid.","They move randomly, sliding past one another while staying in contact.",""
"172","Particle model of matter","Density of materials","Combined","Describe the motion of particles in a gas.","They move quickly in random directions, with a range of speeds.",""
"693","Particle model of matter","Density of materials","Combined","In words, state the equation that links density, mass and volume.","density = mass ÷ volume
(ρ = m ÷ V)",""
"694","Particle model of matter","Density of materials","Combined","Describe the arrangement of the particles in a solid.","Very close together in a regular pattern.",""
"695","Particle model of matter","Density of materials","Combined","Describe the arrangement of the particles in a liquid.","Close together (touching) but in a random arrangement.",""
"696","Particle model of matter","Density of materials","Combined","Describe the arrangement of the particles in a gas.","Far apart, in a random arrangement.",""
"697","Particle model of matter","Density of materials","Combined","Explain why gases have a much lower density than solids and liquids.","The particles are far apart, so there is much less mass in a given volume.",""
"173","Particle model of matter","Measuring density (RP)","Combined","Identify the two variables that need to be measured to find the density of an object.","Mass and volume",""
"174","Particle model of matter","Measuring density (RP)","Combined","Describe how the volume of a cube can be found.","Measure the length of one side with a ruler, then calculate volume = length × width × height.",""
"175","Particle model of matter","Measuring density (RP)","Combined","Describe how the volume of a sphere can be found.","Measure the diameter with a ruler or calipers, halve it to find the radius, then use volume = 4/3 × π × r³.",""
"176","Particle model of matter","Measuring density (RP)","Combined","Describe how the volume of a liquid can be measured.","With a measuring cylinder.",""
"177","Particle model of matter","Measuring density (RP)","Combined","Convert 1 ml into cm³.","1 ml = 1 cm³",""
"178","Particle model of matter","Measuring density (RP)","Combined","Describe how the mass of a liquid can be found.","Measure the mass of an empty measuring cylinder.
Measure the mass of the cylinder with the liquid in it.
Subtract the first mass from the second.",""
"179","Particle model of matter","Measuring density (RP)","Combined","Name the method that should be used to measure the volume of an irregularly shaped object.","The displacement method (using a displacement can or a measuring cylinder of water)",""
"698","Particle model of matter","Measuring density (RP)","Combined","Describe how to read the volume from a measuring cylinder accurately.","Read the bottom of the meniscus with your eye level with the surface, to avoid parallax error.",""
"699","Particle model of matter","Measuring density (RP)","Combined","Name a measuring instrument that gives a more precise length than a ruler.","Vernier calipers (or a micrometer)",""
"182","Particle model of matter","Changes of state","Combined","Name the change of state from solid to gas.","Sublimation",""
"183","Particle model of matter","Changes of state","Combined","Name the change of state from gas to liquid.","Condensation (condensing)",""
"184","Particle model of matter","Changes of state","Combined","Explain the difference between boiling and evaporation.","Boiling happens only at the boiling point, throughout the liquid.
Evaporation happens at any temperature, from the surface of the liquid only.",""
"185","Particle model of matter","Changes of state","Combined","Explain why mass is conserved during a change of state.","The number of particles stays the same; only their arrangement changes.",""
"186","Particle model of matter","Changes of state","Combined","Define a physical change.","A change (such as a change of state) in which no new substance is made; the material recovers its original properties if the change is reversed.",""
"187","Particle model of matter","Changes of state","Combined","Are physical changes reversible?","Yes",""
"188","Particle model of matter","Changes of state","Combined","Define a chemical change.","A change in which new substances are made.",""
"189","Particle model of matter","Changes of state","Combined","Are chemical changes reversible?","Usually not",""
"700","Particle model of matter","Changes of state","Combined","Name the change of state from solid to liquid.","Melting",""
"701","Particle model of matter","Changes of state","Combined","Name the change of state from liquid to solid.","Freezing",""
"702","Particle model of matter","Changes of state","Combined","Name the two ways a liquid can change into a gas.","Boiling and evaporating",""
"703","Particle model of matter","Changes of state","Combined","A 50 g ice cube melts. State the mass of water formed.","50 g (mass is conserved)",""
"190","Particle model of matter","Internal energy","Combined","Define internal energy.","The total energy stored inside a system by the particles that make it up.",""
"191","Particle model of matter","Internal energy","Combined","State how internal energy is related to the kinetic and potential energies of the particles.","Internal energy = total kinetic energy + total potential energy of all the particles in the system.",""
"192","Particle model of matter","Internal energy","Combined","State the part of the internal energy that changes if the temperature of a substance changes.","The kinetic energy of the particles",""
"193","Particle model of matter","Internal energy","Combined","Describe the relationship between the average kinetic energy of the particles and the temperature of a substance.","The greater the average kinetic energy of the particles, the higher the temperature.",""
"194","Particle model of matter","Internal energy","Combined","State the part of the internal energy that changes when a substance changes state.","The potential energy of the particles",""
"195","Particle model of matter","Internal energy","Combined","State what happens to a substance when the potential energy of its particles changes at a constant temperature.","It changes state.",""
"196","Particle model of matter","Internal energy","Combined","State the two things that can happen when a substance is heated.","Its temperature can increase, or it can change state.",""
"197","Particle model of matter","Internal energy","Combined","Describe the change in temperature of a substance during a change of state.","The temperature remains constant.",""
"198","Particle model of matter","Internal energy","Combined","State the two things that can happen when a substance is cooled.","Its temperature can decrease, or it can change state.",""
"199","Particle model of matter","Internal energy","Combined","For a given substance, in which state of matter is the internal energy highest?","Gas",""
"704","Particle model of matter","Internal energy","Combined","State what heating does to the energy stored within a system.","It increases the energy of the particles, so the internal energy increases.",""
"705","Particle model of matter","Internal energy","Combined","State three things that the temperature rise of a heated substance depends on.","The mass of the substance, the type of material (its specific heat capacity) and the energy transferred to it.",""
"200","Particle model of matter","Changes of state and specific latent heat","Combined","State the SI unit of specific latent heat.","Joule per kilogram (J/kg)",""
"201","Particle model of matter","Changes of state and specific latent heat","Combined","Define latent heat.","The energy needed to change the state of a substance with no change in temperature.",""
"202","Particle model of matter","Changes of state and specific latent heat","Combined","Define specific latent heat.","The energy needed to change the state of 1 kg of a substance with no change in temperature.",""
"203","Particle model of matter","Changes of state and specific latent heat","Combined","Define specific latent heat of fusion.","The energy needed to change 1 kg of a substance from solid to liquid with no change in temperature.",""
"204","Particle model of matter","Changes of state and specific latent heat","Combined","Define specific latent heat of vaporisation.","The energy needed to change 1 kg of a substance from liquid to vapour (gas) with no change in temperature.",""
"205","Particle model of matter","Changes of state and specific latent heat","Combined","Which letter on the heating curve shows the section where the substance is melting?","B","heating-curve.svg"
"206","Particle model of matter","Changes of state and specific latent heat","Combined","Which letter on the heating curve shows the section where the substance is boiling?","D","heating-curve.svg"
"207","Particle model of matter","Changes of state and specific latent heat","Combined","Which letter on the heating curve shows the section where a solid is increasing in temperature?","A","heating-curve.svg"
"208","Particle model of matter","Changes of state and specific latent heat","Combined","Which letter on the heating curve shows the section where a liquid is increasing in temperature?","C","heating-curve.svg"
"209","Particle model of matter","Changes of state and specific latent heat","Combined","Which letter on the cooling curve shows the section where the substance is freezing?","D","cooling-curve.svg"
"210","Particle model of matter","Changes of state and specific latent heat","Combined","Which letter on the cooling curve shows the section where a liquid is decreasing in temperature?","C","cooling-curve.svg"
"706","Particle model of matter","Changes of state and specific latent heat","Combined","In words, state the equation that links energy for a change of state, mass and specific latent heat.","energy for a change of state = mass × specific latent heat
(E = m L)",""
"707","Particle model of matter","Changes of state and specific latent heat","Combined","Explain why the temperature of a substance stays constant while it melts, even though it is being heated.","The energy supplied increases the potential energy of the particles (it changes the state), not their kinetic energy.",""
"708","Particle model of matter","Changes of state and specific latent heat","Combined","State the difference between specific heat capacity and specific latent heat.","Specific heat capacity is about the energy needed to change the temperature of 1 kg.
Specific latent heat is about the energy needed to change the state of 1 kg at a constant temperature.",""
"211","Particle model of matter","Particle motion in gases","Combined","State the effect on the temperature of a gas if the average kinetic energy of the particles increases.","The temperature increases.",""
"212","Particle model of matter","Particle motion in gases","Combined","Describe the cause of gas pressure.","Gas particles colliding with the walls of the container, exerting a force on them.",""
"213","Particle model of matter","Particle motion in gases","Combined","State the effect on the pressure of a gas if the temperature of the gas is increased (with the volume constant).","The pressure increases.",""
"709","Particle model of matter","Particle motion in gases","Combined","Describe the motion of the molecules in a gas.","They are in constant random motion.",""
"710","Particle model of matter","Particle motion in gases","Combined","In terms of particles, explain why heating a gas at constant volume increases its pressure.","The particles move faster, so they hit the walls of the container more often and with more force.",""
"214","Particle model of matter","(S) Pressure in gases","Separate","State the effect on the volume of a fixed mass of gas if its pressure is increased (at constant temperature).","The volume decreases.",""
"215","Particle model of matter","(S) Pressure in gases","Separate","State the effect on the pressure of a fixed mass of gas if its volume is decreased (at constant temperature).","The pressure increases.",""
"216","Particle model of matter","(S) Pressure in gases","Separate","Explain why increasing the volume in which a gas is contained decreases the pressure.","The particles are more spread out, so they collide with the walls of the container less often, giving a smaller force on each unit of area.",""
"217","Particle model of matter","(S) Pressure in gases","Separate","State the SI unit of pressure.","Pascal (Pa)",""
"218","Particle model of matter","(S) Pressure in gases","Separate","State the SI unit of volume.","Cubic metre (m³)",""
"711","Particle model of matter","(S) Pressure in gases","Separate","State the equation for a fixed mass of gas at constant temperature.","pressure × volume = constant
(p V = constant)",""
"712","Particle model of matter","(S) Pressure in gases","Separate","State the direction of the net force that gas pressure exerts on the wall of its container.","At right angles to the wall.",""
"713","Particle model of matter","(S) Pressure in gases","Separate","The volume of a fixed mass of gas is doubled at constant temperature. State what happens to its pressure.","It halves.",""
"219","Particle model of matter","(S) Increasing the pressure of a gas","Separate","Describe what is meant by doing work on a gas.","Transferring energy to the gas by applying a force to it (e.g. compressing it).",""
"220","Particle model of matter","(S) Increasing the pressure of a gas","Separate","State the effect on the internal energy of a gas if work is done on it.","The internal energy increases.",""
"221","Particle model of matter","(S) Increasing the pressure of a gas","Separate","State the effect on the temperature of a gas if work is done on it.","The temperature increases.",""
"222","Particle model of matter","(S) Increasing the pressure of a gas","Separate","Describe how work can be done on a gas.","By applying a force to compress it, e.g. pushing the piston of a bicycle pump.",""
"223","Atomic structure","Atoms and isotopes","Combined","State the approximate radius of an atom.","About 0.1 nm (1 × 10⁻¹⁰ m)",""
"224","Atomic structure","Atoms and isotopes","Combined","Describe the structure of an atom.","A positively charged nucleus, made of protons and neutrons, surrounded by negatively charged electrons.",""
"225","Atomic structure","Atoms and isotopes","Combined","State how the radius of a nucleus compares with the radius of an atom.","It is less than 1/10 000 of the radius of the atom.",""
"226","Atomic structure","Atoms and isotopes","Combined","State where the majority of the mass of an atom is concentrated.","In the nucleus.",""
"227","Atomic structure","Atoms and isotopes","Combined","State the sign of the overall charge of the nucleus.","Positive",""
"228","Atomic structure","Atoms and isotopes","Combined","State the relative charge of a proton.","+1 (positive)",""
"229","Atomic structure","Atoms and isotopes","Combined","State the relative charge of a neutron.","0",""
"230","Atomic structure","Atoms and isotopes","Combined","State the relative charge of an electron.","−1 (negative)",""
"231","Atomic structure","Atoms and isotopes","Combined","State the relative mass of a proton.","1",""
"232","Atomic structure","Atoms and isotopes","Combined","State the relative mass of a neutron.","1",""
"233","Atomic structure","Atoms and isotopes","Combined","State the relative mass of an electron.","Very small (about 1/2000)",""
"234","Atomic structure","Atoms and isotopes","Combined","Describe the arrangement of electrons around the nucleus in an atom.","In energy levels (shells) at different distances from the nucleus.",""
"235","Atomic structure","Atoms and isotopes","Combined","State how an electron can move to a higher energy level.","By absorbing electromagnetic radiation.",""
"236","Atomic structure","Atoms and isotopes","Combined","State how an electron can move to a lower energy level.","By emitting electromagnetic radiation.",""
"714","Atomic structure","Atoms and isotopes","Combined","Name the two types of particle found in the nucleus of an atom.","Protons and neutrons",""
"237","Atomic structure","Mass number, atomic number and isotopes","Combined","State the overall charge of an atom.","Zero (atoms are neutral)",""
"238","Atomic structure","Mass number, atomic number and isotopes","Combined","Explain why atoms have an overall neutral charge.","The number of protons equals the number of electrons.",""
"239","Atomic structure","Mass number, atomic number and isotopes","Combined","State what is the same about all atoms of the same element.","The number of protons",""
"240","Atomic structure","Mass number, atomic number and isotopes","Combined","State the information provided by the atomic number of an atom.","The number of protons",""
"241","Atomic structure","Mass number, atomic number and isotopes","Combined","State the information provided by the mass number of an atom.","The number of protons plus the number of neutrons",""
"242","Atomic structure","Mass number, atomic number and isotopes","Combined","Define isotopes.","Atoms of the same element with different numbers of neutrons.",""
"243","Atomic structure","Mass number, atomic number and isotopes","Combined","State which is different for two isotopes of the same element: the mass number or the atomic number.","The mass number (the atomic number is the same)",""
"244","Atomic structure","Mass number, atomic number and isotopes","Combined","Describe how ions form from atoms.","Atoms lose or gain electrons (losing electrons forms positive ions).",""
"715","Atomic structure","Mass number, atomic number and isotopes","Combined","An atom of carbon is written ¹⁴₆C. State what the numbers 14 and 6 represent.","14 is the mass number (protons + neutrons).
6 is the atomic number (protons).",""
"716","Atomic structure","Mass number, atomic number and isotopes","Combined","State how to calculate the number of neutrons in an atom.","Number of neutrons = mass number − atomic number",""
"717","Atomic structure","Mass number, atomic number and isotopes","Combined","State the type of ion formed when an atom loses one or more electrons.","A positive ion",""
"245","Atomic structure","The development of the model of the atom","Combined","Name the first subatomic particle to be discovered.","The electron",""
"246","Atomic structure","The development of the model of the atom","Combined","Name the model of the atom with negatively charged electrons embedded into a positively charged sphere.","The plum pudding model",""
"247","Atomic structure","The development of the model of the atom","Combined","Name the model of the atom that was proposed after the discovery of the nucleus.","The nuclear model",""
"248","Atomic structure","The development of the model of the atom","Combined","Name the experiment that discovered the nucleus of an atom.","The alpha particle scattering experiment",""
"249","Atomic structure","The development of the model of the atom","Combined","State what the alpha particle scattering experiment showed about the nucleus.","The mass of the atom is concentrated in a very small nucleus, and the nucleus is positively charged.",""
"250","Atomic structure","The development of the model of the atom","Combined","Explain how the alpha particle scattering experiment showed that the nucleus is very small.","Most alpha particles passed straight through the gold foil; only a very small number were scattered backwards.",""
"251","Atomic structure","The development of the model of the atom","Combined","Explain how the alpha particle scattering experiment showed that the nucleus is positively charged.","Some of the positively charged alpha particles were deflected, and a few were scattered backwards, because they were repelled by the nucleus.",""
"252","Atomic structure","The development of the model of the atom","Combined","Name the model of the atom that replaced the plum pudding model.","The nuclear model",""
"253","Atomic structure","The development of the model of the atom","Combined","Name the model of the atom that replaced the nuclear model.","The Bohr model",""
"254","Atomic structure","The development of the model of the atom","Combined","Describe the Bohr model of the atom.","The atom has a small positively charged nucleus, with electrons orbiting at specific distances (energy levels).",""
"255","Atomic structure","The development of the model of the atom","Combined","Name the second subatomic particle to be discovered.","The proton",""
"256","Atomic structure","The development of the model of the atom","Combined","Name the third subatomic particle to be discovered.","The neutron",""
"718","Atomic structure","The development of the model of the atom","Combined","Before the electron was discovered, state what atoms were thought to be.","Tiny spheres that could not be divided.",""
"719","Atomic structure","The development of the model of the atom","Combined","In the alpha particle scattering experiment, most alpha particles passed straight through the gold foil. State what this showed.","Most of the atom is empty space.",""
"720","Atomic structure","The development of the model of the atom","Combined","Explain why the plum pudding model had to be replaced after the alpha particle scattering experiment.","It could not explain why some alpha particles were deflected through large angles; the new evidence needed a new model.",""
"721","Atomic structure","The development of the model of the atom","Combined","Name the scientist whose experiments provided the evidence for the neutron.","James Chadwick",""
"722","Atomic structure","The development of the model of the atom","Combined","Name the scientist who suggested that electrons orbit the nucleus at specific distances.","Niels Bohr",""
"257","Atomic structure","Radioactive decay and nuclear radiation","Combined","State which part of an atom nuclear radiation is emitted from.","The nucleus",""
"258","Atomic structure","Radioactive decay and nuclear radiation","Combined","Explain why unstable nuclei emit radiation.","To become more stable.",""
"259","Atomic structure","Radioactive decay and nuclear radiation","Combined","Define radioactive decay.","The random process in which an unstable nucleus emits radiation to become more stable.",""
"260","Atomic structure","Radioactive decay and nuclear radiation","Combined","Why is radioactive decay considered a random process?","It is impossible to predict which nucleus will decay next, or when a particular nucleus will decay.",""
"261","Atomic structure","Radioactive decay and nuclear radiation","Combined","Define activity in the context of radioactive decay.","The rate at which a source of unstable nuclei decays (the number of decays per second).",""
"262","Atomic structure","Radioactive decay and nuclear radiation","Combined","State the SI unit of activity.","Becquerel (Bq)",""
"263","Atomic structure","Radioactive decay and nuclear radiation","Combined","Define count-rate in the context of radioactive decay.","The number of decays recorded each second by a detector (e.g. a Geiger–Müller tube).",""
"264","Atomic structure","Radioactive decay and nuclear radiation","Combined","Explain why the count-rate is always less than the activity.","The detector picks up only some of the radiation emitted; the rest travels in other directions or is absorbed first.",""
"265","Atomic structure","Radioactive decay and nuclear radiation","Combined","Name the four types of nuclear radiation.","Alpha particles, beta particles, gamma rays and neutrons",""
"266","Atomic structure","Radioactive decay and nuclear radiation","Combined","Name the three types of nuclear radiation that are ionising.","Alpha, beta and gamma",""
"267","Atomic structure","Radioactive decay and nuclear radiation","Combined","State what an alpha particle is made of.","Two protons and two neutrons (the same as a helium nucleus)",""
"268","Atomic structure","Radioactive decay and nuclear radiation","Combined","State what a beta particle is.","A high-speed electron (ejected from the nucleus)",""
"269","Atomic structure","Radioactive decay and nuclear radiation","Combined","State what a gamma ray is.","Electromagnetic radiation from the nucleus",""
"270","Atomic structure","Radioactive decay and nuclear radiation","Combined","A nucleus contains no electrons. Describe how it can emit a beta particle.","A neutron in the nucleus turns into a proton and an electron; the electron is emitted at high speed.",""
"271","Atomic structure","Radioactive decay and nuclear radiation","Combined","List the three types of ionising radiation from most ionising to least ionising.","Alpha, beta, gamma",""
"272","Atomic structure","Radioactive decay and nuclear radiation","Combined","List the three types of ionising radiation from most penetrating to least penetrating.","Gamma, beta, alpha",""
"273","Atomic structure","Radioactive decay and nuclear radiation","Combined","State the range of alpha radiation in air.","A few centimetres",""
"274","Atomic structure","Radioactive decay and nuclear radiation","Combined","State the range of beta radiation in air.","About a metre",""
"275","Atomic structure","Radioactive decay and nuclear radiation","Combined","State the range of gamma radiation in air.","A very long distance (it spreads out and gets weaker, but is hardly absorbed by air)",""
"276","Atomic structure","Radioactive decay and nuclear radiation","Combined","Name the type of ionising radiation that can be stopped by a sheet of paper.","Alpha radiation",""
"277","Atomic structure","Radioactive decay and nuclear radiation","Combined","Name the two types of ionising radiation that can be stopped by a few millimetres of aluminium.","Alpha radiation and beta radiation",""
"278","Atomic structure","Radioactive decay and nuclear radiation","Combined","State what is needed to absorb most gamma radiation.","Several centimetres of lead (or metres of concrete)",""
"279","Atomic structure","Radioactive decay and nuclear radiation","Combined","Name the type of ionising radiation that can be stopped by skin.","Alpha radiation",""
"723","Atomic structure","Radioactive decay and nuclear radiation","Combined","Name a detector used to measure the count rate from a radioactive source.","A Geiger–Müller tube",""
"724","Atomic structure","Radioactive decay and nuclear radiation","Combined","State the relative charges of an alpha particle, a beta particle and a gamma ray.","Alpha: +2
Beta: −1
Gamma: 0 (no charge)",""
"280","Atomic structure","Nuclear equations","Combined","Describe what happens to the mass number and atomic number of an element if an alpha particle is emitted.","Mass number decreases by four. Atomic number decreases by two.",""
"281","Atomic structure","Nuclear equations","Combined","Describe what happens to the mass number and atomic number of an element if a beta particle is emitted.","Mass number stays the same. Atomic number increases by one.",""
"282","Atomic structure","Nuclear equations","Combined","Explain why emitting a gamma ray does not change the mass number or atomic number of a nucleus.","A gamma ray is an electromagnetic wave with no mass and no charge; the nucleus only loses energy.",""
"725","Atomic structure","Nuclear equations","Combined","State the symbol used for an alpha particle in a nuclear equation.","⁴₂He",""
"726","Atomic structure","Nuclear equations","Combined","State the symbol used for a beta particle in a nuclear equation.","⁰₋₁e",""
"727","Atomic structure","Nuclear equations","Combined","State the two quantities that must balance on each side of a nuclear equation.","The total mass number and the total atomic number (charge).",""
"728","Atomic structure","Nuclear equations","Combined","State what happens to the element when a nucleus emits an alpha or a beta particle.","It becomes a different element, because the number of protons (the atomic number) changes.",""
"283","Atomic structure","Half-lives and the random nature of radioactive decay","Combined","Define half-life in terms of activity.","The time it takes for the activity (or count rate) of a sample to fall to half its initial value.",""
"637","Atomic structure","Half-lives and the random nature of radioactive decay","Combined","Define half-life in terms of the number of nuclei.","The time it takes for the number of nuclei of the isotope in a sample to halve.",""
"284","Atomic structure","Half-lives and the random nature of radioactive decay","Combined","Describe what happens to the half-life of a radioactive isotope as time passes.","Nothing: the half-life of an isotope is constant.",""
"285","Atomic structure","Half-lives and the random nature of radioactive decay","Combined","Describe what happens to the activity of a radioactive sample over time.","It decreases.",""
"286","Atomic structure","Half-lives and the random nature of radioactive decay","Combined","Describe what happens to the number of unstable nuclei in a radioactive sample over time.","It decreases.",""
"729","Atomic structure","Half-lives and the random nature of radioactive decay","Combined","State the fraction of the original radioactive nuclei that remains after two half-lives.","One quarter (¼)",""
"730","Atomic structure","Half-lives and the random nature of radioactive decay","Combined","State the fraction of the original radioactive nuclei that remains after three half-lives.","One eighth (⅛)",""
"731","Atomic structure","Half-lives and the random nature of radioactive decay","Combined","Describe how to find the half-life from a graph of activity against time.","Find the time taken for the activity to fall to half of its starting value, reading from the time axis.",""
"287","Atomic structure","Radioactive contamination","Combined","Define radioactive contamination.","The unwanted presence of materials containing radioactive atoms on (or in) other materials.",""
"288","Atomic structure","Radioactive contamination","Combined","Explain why radioactive contamination is dangerous.","The contaminating atoms decay and emit radiation, so the object (or person) is irradiated for as long as the contamination remains.",""
"289","Atomic structure","Radioactive contamination","Combined","Define irradiation.","The process of exposing an object to nuclear radiation.",""
"290","Atomic structure","Radioactive contamination","Combined","Explain why irradiation is dangerous.","The radiation can ionise atoms in living cells, damaging or killing the cells (which may lead to cancer).",""
"291","Atomic structure","Radioactive contamination","Combined","State whether irradiated objects become radioactive.","No. Irradiation does not make the nuclei of the object unstable.",""
"732","Atomic structure","Radioactive contamination","Combined","Give three precautions that protect people against irradiation.","Use shielding (e.g. lead), keep as far from the source as possible (e.g. use tongs), and keep the exposure time short.",""
"733","Atomic structure","Radioactive contamination","Combined","Explain why contamination by an alpha source inside the body is especially dangerous.","Alpha radiation is strongly ionising and is absorbed by the nearby cells, damaging them.",""
"734","Atomic structure","Radioactive contamination","Combined","State what the hazard from radioactive contamination depends on.","The type of radiation emitted.",""
"735","Atomic structure","Radioactive contamination","Combined","Explain why studies into the effects of radiation on humans should be published.","So that the findings can be shared with other scientists and checked by peer review.",""
"292","Atomic structure","(S) Background radiation, different half-lives and uses of nuclear radiation","Separate","Define background radiation.","Radiation that is around us all the time, from natural and human-made sources.",""
"293","Atomic structure","(S) Background radiation, different half-lives and uses of nuclear radiation","Separate","Name two natural sources of background radiation.","Rocks (e.g. radon gas from granite) and cosmic rays from space",""
"294","Atomic structure","(S) Background radiation, different half-lives and uses of nuclear radiation","Separate","Name two human-made sources of background radiation.","Fallout from nuclear weapons testing and nuclear accidents",""
"295","Atomic structure","(S) Background radiation, different half-lives and uses of nuclear radiation","Separate","Define radiation dose.","A measure of the risk of harm from exposing the body to radiation (measured in sieverts, Sv).",""
"296","Atomic structure","(S) Background radiation, different half-lives and uses of nuclear radiation","Separate","Explain why a radioactive isotope with a short half-life can be very hazardous at first.","Its nuclei decay quickly, so the activity is very high and a lot of radiation is emitted in a short time.",""
"297","Atomic structure","(S) Background radiation, different half-lives and uses of nuclear radiation","Separate","Give two uses of nuclear radiation in medicine.","Exploring internal organs (e.g. medical tracers), and controlling or destroying unwanted tissue (e.g. radiotherapy)",""
"298","Atomic structure","(S) Background radiation, different half-lives and uses of nuclear radiation","Separate","Explain why alpha radiation is not suitable for exploring internal organs.","It cannot pass out through the body to be detected, and it is strongly ionising so it would damage cells inside the body.",""
"736","Atomic structure","(S) Background radiation, different half-lives and uses of nuclear radiation","Separate","State the unit of radiation dose.","Sievert (Sv)",""
"737","Atomic structure","(S) Background radiation, different half-lives and uses of nuclear radiation","Separate","State how many millisieverts (mSv) are equal to 1 sievert (Sv).","1000 mSv",""
"738","Atomic structure","(S) Background radiation, different half-lives and uses of nuclear radiation","Separate","Give two things that can affect the background radiation dose a person receives.","Their occupation and their location.",""
"739","Atomic structure","(S) Background radiation, different half-lives and uses of nuclear radiation","Separate","Explain why a medical tracer should have a short half-life.","Its activity falls quickly, which limits the radiation dose to the patient.",""
"740","Atomic structure","(S) Background radiation, different half-lives and uses of nuclear radiation","Separate","Explain why a medical tracer should emit gamma radiation.","Gamma radiation passes out of the body to be detected, and it is only weakly ionising so it does little damage.",""
"299","Atomic structure","(S) Nuclear fission and fusion","Separate","Define nuclear fission.","The splitting of a large, unstable nucleus into two smaller nuclei.",""
"300","Atomic structure","(S) Nuclear fission and fusion","Separate","Give two examples of elements that can undergo nuclear fission.","Uranium and plutonium",""
"301","Atomic structure","(S) Nuclear fission and fusion","Separate","Define spontaneous fission.","Fission that happens without the nucleus first absorbing a neutron (this is rare).",""
"302","Atomic structure","(S) Nuclear fission and fusion","Separate","Describe what usually has to happen before a nucleus undergoes fission.","The unstable nucleus must absorb a neutron.",""
"303","Atomic structure","(S) Nuclear fission and fusion","Separate","During nuclear fission, what does a nucleus split up into?","Two smaller nuclei of roughly equal size, plus two or three neutrons and gamma rays",""
"304","Atomic structure","(S) Nuclear fission and fusion","Separate","In the context of nuclear fission, define chain reaction.","The neutrons released by one fission are absorbed by other nuclei, which then split and release more neutrons, and so on.",""
"305","Atomic structure","(S) Nuclear fission and fusion","Separate","Define nuclear fusion.","The joining of two light nuclei to form a heavier nucleus.",""
"306","Atomic structure","(S) Nuclear fission and fusion","Separate","During nuclear fusion, which has more mass: the two smaller nuclei combined or the larger nucleus produced?","The two smaller nuclei combined",""
"307","Atomic structure","(S) Nuclear fission and fusion","Separate","During nuclear fusion, some mass is lost. State what this mass is turned into.","Energy (it is transferred as the energy of radiation)",""
"741","Atomic structure","(S) Nuclear fission and fusion","Separate","State the type of energy store that all fission products have.","Kinetic energy",""
"742","Atomic structure","(S) Nuclear fission and fusion","Separate","State the difference between the chain reaction in a nuclear reactor and the one in a nuclear weapon.","In a reactor the chain reaction is controlled, to control the energy released.
In a weapon it is uncontrolled, causing an explosion.",""
"743","Atomic structure","(S) Nuclear fission and fusion","Separate","Name the process that releases energy in stars.","Nuclear fusion",""
"308","Forces","Scalars, vectors, contact and non-contact forces","Combined","Define a scalar quantity.","A quantity that has magnitude (size) only.",""
"309","Forces","Scalars, vectors, contact and non-contact forces","Combined","Give three examples of scalar quantities.","Any three from: energy, time, mass, distance, speed, temperature",""
"310","Forces","Scalars, vectors, contact and non-contact forces","Combined","Define a vector quantity.","A quantity that has both magnitude and direction.",""
"311","Forces","Scalars, vectors, contact and non-contact forces","Combined","Give three examples of vector quantities.","Any three from: force, displacement, velocity, acceleration, momentum",""
"312","Forces","Scalars, vectors, contact and non-contact forces","Combined","State how a vector is represented on a diagram.","By an arrow.",""
"313","Forces","Scalars, vectors, contact and non-contact forces","Combined","Explain why an arrow is a suitable way to represent a vector.","The length of the arrow shows the magnitude and the direction of the arrow shows the direction of the vector.",""
"314","Forces","Scalars, vectors, contact and non-contact forces","Combined","State what a force is.","A push or pull that acts on an object due to an interaction with another object.",""
"315","Forces","Scalars, vectors, contact and non-contact forces","Combined","Define a contact force.","A force that acts only when the two objects are physically touching.",""
"316","Forces","Scalars, vectors, contact and non-contact forces","Combined","Give three examples of contact forces.","Any three from: friction, air resistance, tension, normal contact force",""
"317","Forces","Scalars, vectors, contact and non-contact forces","Combined","Define a non-contact force.","A force that acts even when the objects are physically separated.",""
"318","Forces","Scalars, vectors, contact and non-contact forces","Combined","Give three examples of non-contact forces.","Gravitational force (weight), electrostatic force, magnetic force",""
"319","Forces","Scalars, vectors, contact and non-contact forces","Combined","When two objects interact, state which of them experiences a force.","Both: each exerts a force on the other, equal in size and opposite in direction.",""
"320","Forces","Gravity","Combined","Define weight.","The force acting on an object due to gravity.",""
"321","Forces","Gravity","Combined","State why objects experience weight on Earth.","There is a gravitational field around the Earth, which attracts the object.",""
"322","Forces","Gravity","Combined","Explain why objects experience different weights on different planets.","Each planet has a different gravitational field strength.",""
"323","Forces","Gravity","Combined","Does the mass of an object change if it is moved to a different place in the Universe?","No, it stays the same everywhere.",""
"324","Forces","Gravity","Combined","Does the weight of an object change if it is moved to a different place in the Universe?","Yes, because the gravitational field strength is different in different places.",""
"325","Forces","Gravity","Combined","State the SI unit of weight.","Newton (N)",""
"326","Forces","Gravity","Combined","State the SI unit of mass.","Kilogram (kg)",""
"327","Forces","Gravity","Combined","State the SI unit of gravitational field strength.","Newton per kilogram (N/kg)",""
"328","Forces","Gravity","Combined","State the mathematical relationship between weight and mass.","Weight is directly proportional to mass (W ∝ m).",""
"329","Forces","Gravity","Combined","State the meaning of this symbol: ∝","Is directly proportional to",""
"330","Forces","Gravity","Combined","Describe the relationship between the mass of an object and its weight.","As mass increases, weight increases in direct proportion (doubling the mass doubles the weight).",""
"331","Forces","Gravity","Combined","Define the centre of mass of an object.","The single point at which the weight of the object can be considered to act.",""
"744","Forces","Gravity","Combined","In words, state the equation that links weight, mass and gravitational field strength.","weight = mass × gravitational field strength
(W = m g)",""
"745","Forces","Gravity","Combined","Name the instrument used to measure weight.","A calibrated spring balance (a newtonmeter)",""
"746","Forces","Gravity","Combined","State the gravitational field strength at the surface of the Earth.","About 9.8 N/kg",""
"332","Forces","Resultant forces, work done and energy transfer","Combined","Define resultant force.","The single force that has the same effect as all the individual forces on an object acting together.",""
"333","Forces","Resultant forces, work done and energy transfer","Combined","Describe how a resultant force is calculated.","By adding all the individual forces on an object as vectors.",""
"334","Forces","Resultant forces, work done and energy transfer","Combined","If two forces act in the same direction, describe how the size of the resultant force is calculated.","Add the two forces together.",""
"335","Forces","Resultant forces, work done and energy transfer","Combined","If two forces act in opposite directions and one force is larger, describe how the direction of the resultant force is established.","It is in the same direction as the larger force.",""
"336","Forces","Resultant forces, work done and energy transfer","Combined","If two forces on an object act in opposite directions, describe how the size of the resultant force is calculated.","Subtract the smaller force from the larger force.",""
"337","Forces","Resultant forces, work done and energy transfer","Combined","If the forces on an object are balanced, give the resultant force.","Zero (0 N)",""
"338","Forces","Resultant forces, work done and energy transfer","Combined","State the SI unit of work done.","Joule (J)",""
"339","Forces","Resultant forces, work done and energy transfer","Combined","State the SI unit of force.","Newton (N)",""
"340","Forces","Resultant forces, work done and energy transfer","Combined","State the SI unit of distance.","Metre (m)",""
"341","Forces","Resultant forces, work done and energy transfer","Combined","State a unit that is equivalent to 1 J of work done.","1 N m (one newton-metre)",""
"342","Forces","Resultant forces, work done and energy transfer","Combined","If work is done against the frictional forces acting on an object, name the store of energy that increases.","The thermal energy store of the object (and/or the surface)",""
"343","Forces","Resultant forces, work done and energy transfer","Combined","Describe the relationship between the work done against frictional forces on an object and the temperature of the object.","As more work is done against friction, the temperature of the object rises.",""
"747","Forces","Resultant forces, work done and energy transfer","Combined","In words, state the equation that links work done, force and distance.","work done = force × distance moved along the line of action of the force
(W = F s)",""
"748","Forces","Resultant forces, work done and energy transfer","Combined","State how much work is done when a force of 1 N moves an object through 1 m.","1 J",""
"749","Forces","Resultant forces, work done and energy transfer","Combined","Describe what a free body diagram shows.","All the forces acting on a single object, drawn as arrows that show their sizes and directions.",""
"750","Forces","Resultant forces, work done and energy transfer","Combined","State what is meant by resolving a force.","Splitting it into two components at right angles to each other that together have the same effect as the single force.",""
"344","Forces","Forces and elasticity","Combined","Give three ways in which the shape of an object can be changed.","Stretching, compressing or bending",""
"345","Forces","Forces and elasticity","Combined","Define elastic deformation.","When an object returns to its original shape and size after the applied forces are removed.",""
"346","Forces","Forces and elasticity","Combined","Define inelastic deformation.","When an object does not return to its original shape and size after the applied forces are removed.",""
"347","Forces","Forces and elasticity","Combined","State the mathematical relationship between the force applied to a spring and its extension (below the limit of proportionality).","The extension is directly proportional to the force.",""
"348","Forces","Forces and elasticity","Combined","Describe the relationship between the force on an elastic object and its extension.","As the force on an elastic object increases, the extension increases.",""
"349","Forces","Forces and elasticity","Combined","Define the limit of proportionality of an elastic object.","The point beyond which the extension is no longer directly proportional to the force applied.",""
"350","Forces","Forces and elasticity","Combined","Identify the letter that shows the limit of proportionality on this force–extension graph.","C","force-extension.svg"
"351","Forces","Forces and elasticity","Combined","State the SI unit of force.","Newton (N)",""
"352","Forces","Forces and elasticity","Combined","State the SI unit of spring constant.","Newton per metre (N/m)",""
"353","Forces","Forces and elasticity","Combined","Define spring constant.","The force needed per unit extension: the force required to stretch (or compress) the spring by 1 m.",""
"354","Forces","Forces and elasticity","Combined","State the SI unit of extension.","Metre (m)",""
"355","Forces","Forces and elasticity","Combined","State how the extension of an elastic object is calculated.","Extension = stretched length − original length",""
"356","Forces","Forces and elasticity","Combined","When work is done to extend or compress an elastic object, name the store of energy that increases.","The elastic potential energy store of the object",""
"357","Forces","Forces and elasticity","Combined","On a graph of force (on y-axis) against extension (on x-axis), describe how the spring constant can be calculated.","It is the gradient of the straight-line section.",""
"358","Forces","Forces and elasticity","Combined","On a graph of extension (on y-axis) against force (on x-axis), describe how the spring constant can be calculated.","Spring constant = 1 ÷ gradient of the straight-line section",""
"359","Forces","Forces and elasticity","Combined","State the SI unit of elastic potential energy.","Joule (J)",""
"751","Forces","Forces and elasticity","Combined","In words, state the equation that links force, spring constant and extension.","force = spring constant × extension
(F = k e)",""
"752","Forces","Forces and elasticity","Combined","Explain why more than one force is needed to stretch, bend or compress a stationary object.","A single force would simply make the object move (change its motion) instead of changing its shape.",""
"753","Forces","Forces and elasticity","Combined","State how the work done in stretching a spring compares with the elastic potential energy stored in it.","They are equal, provided the spring is not inelastically deformed.",""
"754","Forces","Forces and elasticity","Combined","State how a linear and a non-linear relationship appear on a force–extension graph.","Linear: a straight line.
Non-linear: a curve.",""
"361","Forces","Force and extension (RP)","Combined","When investigating how the force on a spring affects its extension, name the independent variable.","Force applied to the spring",""
"362","Forces","Force and extension (RP)","Combined","When investigating how the force on a spring affects its extension, name the dependent variable.","Extension of the spring",""
"363","Forces","Force and extension (RP)","Combined","State what the extension of a spring should be when zero force is applied.","Zero (0 m)",""
"364","Forces","Force and extension (RP)","Combined","Describe how the mass hung on a spring is converted into a weight (force).","Multiply the mass in kg by the gravitational field strength (W = m g, with g = 9.8 N/kg on Earth).",""
"366","Forces","Force and extension (RP)","Combined","Rather than calculate the extension of the spring, the student records the whole length each time. Name the type of error this causes.","A systematic error: every value of extension is too large (by the original length).",""
"367","Forces","Force and extension (RP)","Combined","When the force on a spring is doubled, state the expected effect on the extension of the spring.","It doubles (provided the limit of proportionality is not exceeded).",""
"368","Forces","(S) Moments, levers and gears","Separate","State what is required to cause an object to rotate.","A force, or system of forces, that does not act through the centre of mass of the object.",""
"369","Forces","(S) Moments, levers and gears","Separate","Give the name for the turning effect of a force.","A moment",""
"370","Forces","(S) Moments, levers and gears","Separate","When calculating the moment of a force, describe how the distance is measured.","It is the perpendicular distance from the pivot to the line of action of the force.",""
"371","Forces","(S) Moments, levers and gears","Separate","If the clockwise moment about a pivot is equal to the anticlockwise moment about the pivot, state what can be deduced about the object.","The object is balanced (in equilibrium): it will not start to turn.",""
"372","Forces","(S) Moments, levers and gears","Separate","Explain how a lever can reduce the force needed to turn something.","Applying the force further from the pivot gives the same moment with a smaller force (moment = force × distance).",""
"373","Forces","(S) Moments, levers and gears","Separate","State the function of a lever.","To transmit the rotational effect of a force.",""
"374","Forces","(S) Moments, levers and gears","Separate","State the function of a simple gear system.","To transmit the rotational effect of a force.",""
"755","Forces","(S) Moments, levers and gears","Separate","In words, state the equation that links the moment of a force, the force and distance.","moment = force × perpendicular distance from the pivot to the line of action of the force
(M = F d)",""
"756","Forces","(S) Moments, levers and gears","Separate","State the SI unit of the moment of a force.","Newton-metre (N m)",""
"757","Forces","(S) Moments, levers and gears","Separate","State the principle of moments for a balanced object.","The total clockwise moment about the pivot equals the total anticlockwise moment about the pivot.",""
"758","Forces","(S) Moments, levers and gears","Separate","A small gear drives a larger gear. State the effect on the speed of rotation and on the moment.","The larger gear turns more slowly but with a bigger moment (turning effect).",""
"375","Forces","(S) Pressure in fluids and in the atmosphere","Separate","Name the two states of matter that are considered fluids.","Liquid and gas",""
"376","Forces","(S) Pressure in fluids and in the atmosphere","Separate","Describe what causes pressure in a fluid.","The particles of the fluid colliding with surfaces (e.g. the walls of the container).",""
"377","Forces","(S) Pressure in fluids and in the atmosphere","Separate","A fluid exerts a force on its container. State the direction of the force.","At right angles (normal) to the surface.",""
"378","Forces","(S) Pressure in fluids and in the atmosphere","Separate","In words, state the equation that links pressure, area and force.","pressure = force (normal to the surface) ÷ area (of the surface)",""
"379","Forces","(S) Pressure in fluids and in the atmosphere","Separate","State the SI unit of pressure.","Pascal (Pa)",""
"380","Forces","(S) Pressure in fluids and in the atmosphere","Separate","Describe the relationship between the pressure exerted by a liquid and the height of the liquid column.","The higher the column of liquid, the greater the pressure.",""
"381","Forces","(S) Pressure in fluids and in the atmosphere","Separate","Describe the relationship between the pressure exerted by a liquid and the density of the liquid.","The denser the liquid, the greater the pressure.",""
"382","Forces","(S) Pressure in fluids and in the atmosphere","Separate","Explain what causes upthrust.","Pressure in a liquid increases with depth, so the pressure on the bottom of a submerged object is greater than the pressure on the top. This gives a resultant upward force.",""
"383","Forces","(S) Pressure in fluids and in the atmosphere","Separate","Describe the Earth's atmosphere.","A thin layer of air around the Earth (thin compared with the size of the Earth).",""
"384","Forces","(S) Pressure in fluids and in the atmosphere","Separate","Describe the relationship between the height above the Earth's surface and the density of the atmosphere.","The higher above the Earth's surface, the less dense the atmosphere is.",""
"385","Forces","(S) Pressure in fluids and in the atmosphere","Separate","Give the cause of atmospheric pressure.","Air molecules colliding with a surface.",""
"386","Forces","(S) Pressure in fluids and in the atmosphere","Separate","Describe the relationship between the height above the Earth's surface and atmospheric pressure.","The higher above the Earth's surface, the lower the atmospheric pressure is.",""
"759","Forces","(S) Pressure in fluids and in the atmosphere","Separate","State the equation for the pressure due to a column of liquid.","pressure = height of the column × density of the liquid × gravitational field strength
(p = h ρ g)",""
"760","Forces","(S) Pressure in fluids and in the atmosphere","Separate","Explain why the pressure in a liquid increases with depth.","The deeper you go, the greater the weight of liquid above.",""
"761","Forces","(S) Pressure in fluids and in the atmosphere","Separate","State the condition for an object to float.","The upthrust is equal to the weight of the object.",""
"762","Forces","(S) Pressure in fluids and in the atmosphere","Separate","State when an object placed in a liquid will sink.","When its weight is greater than the upthrust.",""
"763","Forces","(S) Pressure in fluids and in the atmosphere","Separate","Explain why atmospheric pressure decreases as height increases.","There are fewer air molecules above (a smaller weight of air above), so there are fewer collisions with each unit of area.",""
"387","Forces","Distance, displacement, speed and velocity","Combined","Define distance.","How far an object moves (it is a scalar: it has no direction).",""
"388","Forces","Distance, displacement, speed and velocity","Combined","Define displacement.","The distance in a straight line from the start point to the finish point, together with the direction of that line.",""
"389","Forces","Distance, displacement, speed and velocity","Combined","Explain the difference between distance and displacement.","Displacement involves a direction so is a vector quantity. Distance does not involve a direction so is a scalar quantity.",""
"390","Forces","Distance, displacement, speed and velocity","Combined","Explain the difference between speed and velocity.","Velocity involves a direction so is a vector quantity. Speed does not involve a direction so is a scalar quantity.",""
"391","Forces","Distance, displacement, speed and velocity","Combined","State typical values for walking speed, running speed and cycling speed.","Walking: 1.5 m/s
Running: 3 m/s
Cycling: 6 m/s",""
"392","Forces","Distance, displacement, speed and velocity","Combined","State a typical value for the speed of sound in air.","330 m/s",""
"393","Forces","Distance, displacement, speed and velocity","Combined","Define velocity.","The speed of an object in a given direction.",""
"394","Forces","Distance, displacement, speed and velocity","Combined","An object is moving along a curved path. Describe its speed and its velocity.","Speed: can be constant.
Velocity: is changing, because the direction of motion is changing.",""
"395","Forces","Distance, displacement, speed and velocity","Combined","State what the gradient of a distance-time graph represents.","Speed",""
"396","Forces","Distance, displacement, speed and velocity","Combined","Describe what acceleration looks like on a distance-time graph.","A curve (the gradient of the line is changing).",""
"764","Forces","Distance, displacement, speed and velocity","Combined","In words, state the equation that links distance travelled, speed and time.","distance travelled = speed × time
(s = v t)",""
"765","Forces","Distance, displacement, speed and velocity","Combined","Give three factors that affect the speed at which a person walks, runs or cycles.","Any three from: age, fitness, terrain, distance travelled",""
"766","Forces","Distance, displacement, speed and velocity","Combined","State typical speeds for a car on a main road, a train and an aeroplane.","Car: about 25 m/s
Train: about 50 m/s
Aeroplane: about 250 m/s",""
"767","Forces","Distance, displacement, speed and velocity","Combined","State what a horizontal line on a distance–time graph shows.","The object is stationary.",""
"768","Forces","Distance, displacement, speed and velocity","Combined","Describe how to find the speed of an accelerating object at a particular time from its distance–time graph.","Draw a tangent to the curve at that time and calculate the gradient of the tangent.",""
"397","Forces","Acceleration","Combined","State the SI unit of acceleration.","Metre per second squared (m/s²)",""
"398","Forces","Acceleration","Combined","State what the gradient of a velocity-time graph represents.","Acceleration",""
"399","Forces","Acceleration","Combined","State what is represented by the area underneath a velocity-time graph.","The distance travelled (or displacement)",""
"400","Forces","Acceleration","Combined","State the acceleration of an object falling freely near the Earth's surface.","About 9.8 m/s²",""
"401","Forces","Acceleration","Combined","Define terminal velocity.","The constant velocity reached by a falling object when the resistive forces equal its weight, so the resultant force is zero.",""
"769","Forces","Acceleration","Combined","In words, state the equation that links acceleration, change in velocity and time taken.","acceleration = change in velocity ÷ time taken
(a = Δv ÷ t)",""
"770","Forces","Acceleration","Combined","State the equation for uniform acceleration that links final velocity, initial velocity, acceleration and distance.","(final velocity)² − (initial velocity)² = 2 × acceleration × distance
(v² − u² = 2 a s)",""
"771","Forces","Acceleration","Combined","State what a negative acceleration means.","The object is slowing down (decelerating).",""
"772","Forces","Acceleration","Combined","State what a horizontal line on a velocity–time graph shows.","The object is moving at a constant velocity.",""
"773","Forces","Acceleration","Combined","State what a straight, sloping line on a velocity–time graph shows.","A constant acceleration (or deceleration).",""
"402","Forces","Newton's laws","Combined","State Newton's first law.","If the resultant force on an object is zero, a stationary object stays stationary and a moving object keeps moving at the same velocity.",""
"403","Forces","Newton's laws","Combined","If an object is travelling at a constant velocity, is there a resultant force acting on it?","No (the resultant force is zero)",""
"404","Forces","Newton's laws","Combined","Define inertia.","The tendency of an object to continue in its state of rest or of uniform motion.",""
"405","Forces","Newton's laws","Combined","State Newton's second law.","The acceleration of an object is directly proportional to the resultant force acting on it and inversely proportional to its mass (F = m a).",""
"406","Forces","Newton's laws","Combined","Describe the mathematical relationship between the resultant force acting on an object and the acceleration of the object.","The acceleration of an object is directly proportional to the resultant force acting on the object.",""
"407","Forces","Newton's laws","Combined","Define inertial mass.","A measure of how difficult it is to change the velocity of an object (the ratio of force to acceleration).",""
"408","Forces","Newton's laws","Combined","If an object is changing velocity, is there a resultant force acting on it?","Yes",""
"409","Forces","Newton's laws","Combined","State Newton's third law.","Whenever two objects interact, the forces they exert on each other are equal in size and opposite in direction.",""
"775","Forces","Newton's laws","Combined","In words, state the equation that links resultant force, mass and acceleration.","resultant force = mass × acceleration
(F = m a)",""
"776","Forces","Newton's laws","Combined","For a constant resultant force, state the mathematical relationship between acceleration and mass.","Acceleration is inversely proportional to mass.",""
"777","Forces","Newton's laws","Combined","A car travels along a straight road at a steady speed. State what can be said about the driving force and the resistive forces.","They are balanced (equal in size and opposite in direction).",""
"778","Forces","Newton's laws","Combined","State the meaning of this symbol: ~","Approximately (it shows an approximate value)",""
"779","Forces","Newton's laws","Combined","Give an example of Newton's third law.","For example: when you push on a wall, the wall pushes back on you with an equal force in the opposite direction.",""
"410","Forces","Force, mass and acceleration (RP)","Combined","When investigating how the force on a car affects its acceleration, name the independent variable.","Force applied to the car",""
"411","Forces","Force, mass and acceleration (RP)","Combined","When investigating how the force on a car affects its acceleration, name the dependent variable.","Acceleration of the car",""
"412","Forces","Force, mass and acceleration (RP)","Combined","When investigating how the force on a car affects its acceleration, name the variables that need to be controlled.","The total mass being accelerated and the surface the car travels on (friction)",""
"414","Forces","Force, mass and acceleration (RP)","Combined","When the force on a car is doubled, state the expected effect on the acceleration of the car.","It doubles (acceleration is directly proportional to force).",""
"415","Forces","Force, mass and acceleration (RP)","Combined","When investigating how the mass of a car affects its acceleration, name the independent variable.","Mass of the car",""
"416","Forces","Force, mass and acceleration (RP)","Combined","When investigating how the mass of a car affects its acceleration, name the dependent variable.","Acceleration of the car",""
"417","Forces","Force, mass and acceleration (RP)","Combined","When investigating how the mass of a car affects its acceleration, name the variables that need to be controlled.","The force applied (the hanging mass) and the surface the car travels on",""
"419","Forces","Stopping distance","Combined","Define the stopping distance of a vehicle.","The total distance travelled while stopping: thinking distance + braking distance.",""
"420","Forces","Stopping distance","Combined","Define the thinking distance of a vehicle.","The distance the vehicle travels during the driver's reaction time.",""
"421","Forces","Stopping distance","Combined","Define the braking distance of a vehicle.","The distance the vehicle travels under the braking force, from when the brakes are applied until it stops.",""
"422","Forces","Stopping distance","Combined","Give the factor that increases both thinking distance and braking distance.","The speed of the vehicle",""
"423","Forces","Stopping distance","Combined","State the range of typical human reaction time.","0.2 s to 0.9 s",""
"424","Forces","Stopping distance","Combined","Give four factors that can affect a person's reaction time.","Tiredness, drugs, alcohol and distractions",""
"425","Forces","Stopping distance","Combined","Give four factors that can affect the braking distance of a vehicle.","Speed, wet or icy roads, worn tyres and worn brakes",""
"426","Forces","Stopping distance","Combined","Describe the changes in energy stores that occur when a vehicle brakes.","Work done by friction in the brakes decreases the kinetic energy store of the vehicle and increases the thermal energy store of the brakes (their temperature rises).",""
"427","Forces","Stopping distance","Combined","Describe the relationship between the speed of a vehicle and the braking force required to stop the vehicle in a certain distance.","The greater the speed, the greater the force required to stop the vehicle in a certain distance.",""
"428","Forces","Stopping distance","Combined","Give two dangers of a very large deceleration.","The brakes may overheat, and the driver may lose control of the vehicle.",""
"780","Forces","Stopping distance","Combined","Describe a simple method to measure a person's reaction time.","One person drops a ruler between the fingers of another, who catches it as quickly as possible. The distance the ruler falls is used to find the reaction time.",""
"781","Forces","Stopping distance","Combined","Explain why the braking distance increases as the speed of a vehicle increases.","The vehicle has more kinetic energy, so the brakes must do more work to stop it: for the same braking force, this takes a greater distance.",""
"429","Forces","Momentum","Combined","State the SI unit of momentum.","Kilogram metre per second (kg m/s)",""
"430","Forces","Momentum","Combined","State the law of conservation of momentum.","In a closed system, the total momentum before an event is equal to the total momentum after the event.",""
"431","Forces","(S) Changes in momentum","Separate","State how the momentum of an object can be changed.","By a resultant force acting on it.",""
"432","Forces","(S) Changes in momentum","Separate","Give the definition of force that links it to momentum.","Force equals the rate of change of momentum.",""
"433","Forces","(S) Changes in momentum","Separate","In terms of force, state the aim of safety features such as bike helmets, air bags, seat belts and crash mats.","To increase the time it takes to change the momentum of an object, thereby reducing the force acting on the object.",""
"782","Forces","Momentum","Combined","In words, state the equation that links momentum, mass and velocity.","momentum = mass × velocity
(p = m v)",""
"783","Forces","Momentum","Combined","State whether momentum is a scalar or a vector quantity.","A vector (it has a direction).",""
"784","Forces","Momentum","Combined","State the momentum of a stationary object.","Zero",""
"785","Forces","(S) Changes in momentum","Separate","State the equation that links force, change in momentum and time.","force = change in momentum ÷ time taken
(F = m Δv ÷ Δt)",""
"434","Waves","Transverse and longitudinal waves","Combined","What do waves transfer from one place to another?","Energy (and information)",""
"435","Waves","Transverse and longitudinal waves","Combined","What do waves not transfer from one place to another?","Matter (the particles of the medium)",""
"436","Waves","Transverse and longitudinal waves","Combined","State the name for a material through which a wave travels.","A medium",""
"437","Waves","Transverse and longitudinal waves","Combined","State the name given to a repeated back-and-forth motion.","An oscillation (or vibration)",""
"438","Waves","Transverse and longitudinal waves","Combined","State what oscillates in a water wave.","The water (its particles move up and down)",""
"439","Waves","Transverse and longitudinal waves","Combined","State what oscillates in a sound wave travelling to an ear through air.","The particles in the air",""
"440","Waves","Transverse and longitudinal waves","Combined","State what oscillates in a light wave.","Electric and magnetic fields",""
"441","Waves","Transverse and longitudinal waves","Combined","Name the two types of wave.","Transverse waves and longitudinal waves",""
"442","Waves","Transverse and longitudinal waves","Combined","Define a transverse wave.","A wave in which the oscillations are perpendicular to the direction of energy transfer.",""
"443","Waves","Transverse and longitudinal waves","Combined","Define a longitudinal wave.","A wave in which the oscillations are parallel to the direction of energy transfer.",""
"444","Waves","Transverse and longitudinal waves","Combined","What type of wave is sound?","Longitudinal",""
"445","Waves","Transverse and longitudinal waves","Combined","What type of wave is light?","Transverse",""
"446","Waves","Transverse and longitudinal waves","Combined","In this diagram of a longitudinal wave, state what the labels A and B represent.","A: a compression
B: a rarefaction","longitudinal-wave.svg"
"786","Waves","Transverse and longitudinal waves","Combined","Give an example of a transverse wave.","Ripples on the surface of water (or any electromagnetic wave, such as light).",""
"787","Waves","Transverse and longitudinal waves","Combined","Give an example of a longitudinal wave.","Sound waves travelling through air.",""
"788","Waves","Transverse and longitudinal waves","Combined","Describe evidence that, for ripples on water, it is the wave and not the water that travels.","A floating object bobs up and down as the ripples pass, but it is not carried along with them.",""
"447","Waves","Properties of waves","Combined","In this diagram of a transverse wave, state what the labels A to E represent.","A: amplitude
B: wavelength
C: peak (crest)
D: trough
E: rest (equilibrium) position","transverse-wave.svg"
"448","Waves","Properties of waves","Combined","Define wavelength.","The distance from a point on one wave to the equivalent point on the next wave.",""
"449","Waves","Properties of waves","Combined","Define frequency.","The number of waves passing a point each second.",""
"450","Waves","Properties of waves","Combined","State the SI unit of frequency.","Hertz (Hz)",""
"451","Waves","Properties of waves","Combined","Define the period of a wave.","The time for one complete wave to pass a point.",""
"452","Waves","Properties of waves","Combined","State the SI unit of period.","Second (s)",""
"453","Waves","Properties of waves","Combined","In words, state the equation that links period and frequency.","period = 1 ÷ frequency",""
"454","Waves","Properties of waves","Combined","In symbols, state the equation that links period and frequency.","T = 1 ÷ f",""
"789","Waves","Properties of waves","Combined","In words, state the equation that links wave speed, frequency and wavelength.","wave speed = frequency × wavelength
(v = f λ)",""
"790","Waves","Properties of waves","Combined","Define the amplitude of a wave.","The maximum displacement of a point on the wave from its undisturbed position.",""
"791","Waves","Properties of waves","Combined","Define wave speed.","The speed at which energy is transferred (or the wave moves) through the medium.",""
"792","Waves","Properties of waves","Combined","Describe a method to measure the speed of sound in air.","Two people stand a measured distance apart. One makes a loud, visible sound (e.g. claps two boards); the other times the delay between seeing and hearing it. Speed = distance ÷ time.",""
"793","Waves","(S) Sound waves and waves for detection and exploration","Separate","A sound wave passes from one medium into another. State which of its speed, frequency and wavelength stays the same.","The frequency (the speed and the wavelength both change).",""
"455","Waves","Waves in a ripple tank and on a string (RP)","Combined","Name the three features of a wave that can be measured in a ripple tank.","Frequency, wavelength and speed",""
"456","Waves","Waves in a ripple tank and on a string (RP)","Combined","A ripple tank produces a pattern of bright and dark lines on the screen under the tank. State what these lines show.","The bright lines are the peaks (crests), which focus the light like a lens.
The dark lines are the troughs, which spread the light out.",""
"457","Waves","Waves in a ripple tank and on a string (RP)","Combined","Describe how waves are produced in a ripple tank.","A motor makes a dipper (a wooden bar) vibrate up and down, touching the surface of the water.",""
"459","Waves","Waves in a ripple tank and on a string (RP)","Combined","Describe how to measure the frequency of the waves in a ripple tank accurately.","1. Count the number of waves that pass a fixed point in a set time, e.g. 10 s (a slow-motion video helps).
2. Divide the number of waves by the time in seconds.",""
"460","Waves","Waves in a ripple tank and on a string (RP)","Combined","Describe two ways to find the speed of the waves in a ripple tank.","Either: multiply the frequency by the wavelength (v = f λ).\nOr: time a wavefront over a measured distance and use speed = distance ÷ time.",""
"462","Waves","Waves in a ripple tank and on a string (RP)","Combined","Describe how to find the frequency of a wave on a string.","Read it from the signal generator that drives the vibration generator.",""
"463","Waves","Waves in a ripple tank and on a string (RP)","Combined","Describe how to measure the wavelength of a wave on a string accurately.","Measure the length of several loops with a metre rule and divide by the number of loops.\nWavelength = 2 × the length of one loop.",""
"464","Waves","Waves in a ripple tank and on a string (RP)","Combined","Describe how to find the speed of a wave on a string.","Multiply the measured frequency by the measured wavelength.",""
"465","Waves","(S) Reflection, absorption and transmission","Separate","Describe how light travels from one place to another.","In straight lines.",""
"466","Waves","(S) Reflection, absorption and transmission","Separate","A wave meets a boundary between two materials. Name the imaginary line drawn at 90° to the boundary.","The normal",""
"467","Waves","(S) Reflection, absorption and transmission","Separate","State what it means for a wave to be transmitted at a boundary.","The wave passes through the new material.",""
"468","Waves","(S) Reflection, absorption and transmission","Separate","State what it means for a wave to be absorbed at a boundary.","The energy of the wave is transferred to the material (e.g. heating it).",""
"469","Waves","(S) Reflection, absorption and transmission","Separate","State what it means for a wave to be reflected at a boundary.","The wave bounces back off the boundary.",""
"470","Waves","(S) Reflection, absorption and transmission","Separate","Give the name for a reflection of sound waves.","An echo",""
"794","Waves","(S) Reflection, absorption and transmission","Separate","State the law of reflection.","The angle of incidence is equal to the angle of reflection.",""
"795","Waves","(S) Reflection, absorption and transmission","Separate","Name the three things that can happen to a wave at a boundary between two materials.","It can be reflected, absorbed or transmitted.",""
"471","Waves","(S) Reflection and refraction of light (RP)","Separate","When investigating reflection and refraction of light, describe how the normal line should be drawn.","As a line at 90° to the boundary, drawn at the point where the ray meets the boundary.",""
"472","Waves","(S) Reflection and refraction of light (RP)","Separate","When investigating reflection and refraction of light, state how the angle of incidence is measured.","Between the incident ray and the normal.",""
"473","Waves","(S) Reflection and refraction of light (RP)","Separate","When investigating reflection and refraction of light, state how the angle of reflection is measured.","Between the reflected ray and the normal.",""
"474","Waves","(S) Reflection and refraction of light (RP)","Separate","When investigating reflection and refraction of light, state how the angle of refraction is measured.","Between the refracted ray and the normal.",""
"475","Waves","(S) Reflection and refraction of light (RP)","Separate","Describe the relationship between the angle of incidence and the angle of reflection.","They are equal: angle of incidence = angle of reflection.",""
"476","Waves","Electromagnetic waves","Combined","Light passes from air into glass. Compare the angle of refraction with the angle of incidence.","The angle of refraction is smaller than the angle of incidence (the ray bends towards the normal).",""
"477","Waves","Electromagnetic waves","Combined","Light passes from glass into air. Compare the angle of refraction with the angle of incidence.","The angle of refraction is larger than the angle of incidence (the ray bends away from the normal).",""
"796","Waves","(S) Reflection and refraction of light (RP)","Separate","Name the piece of equipment used to produce a narrow ray of light.","A ray box (with a single slit)",""
"797","Waves","(S) Reflection and refraction of light (RP)","Separate","Explain why a narrow ray of light is used when investigating reflection and refraction.","The position of a narrow ray can be marked more accurately, so the angles are measured more accurately.",""
"798","Waves","(S) Reflection and refraction of light (RP)","Separate","Name the instrument used to measure the angles of incidence, reflection and refraction.","A protractor",""
"478","Waves","(S) Sound waves and waves for detection and exploration","Separate","State what happens to the speed of a sound wave when it passes from air into a solid.","It increases.",""
"479","Waves","(S) Sound waves and waves for detection and exploration","Separate","State what happens to the loudness of a sound when it passes from air into a solid, and why.","It decreases, because some of the sound is reflected or absorbed at the boundary.",""
"480","Waves","(S) Sound waves and waves for detection and exploration","Separate","Name the part of the human ear that detects sound waves.","The eardrum (sound waves make it vibrate)",""
"481","Waves","(S) Sound waves and waves for detection and exploration","Separate","Name the part of the human ear that creates electrical signals for the brain.","The cochlea",""
"482","Waves","(S) Sound waves and waves for detection and exploration","Separate","State the range of human hearing.","20 Hz to 20 kHz (20 000 Hz)",""
"483","Waves","(S) Sound waves and waves for detection and exploration","Separate","Give the name for a sound that has a frequency above human hearing.","Ultrasound",""
"484","Waves","(S) Sound waves and waves for detection and exploration","Separate","Define echolocation.","Using the reflection of sound or ultrasound (an echo) to detect the location of an object.",""
"485","Waves","(S) Sound waves and waves for detection and exploration","Separate","Give two uses of ultrasound imaging.","Medical imaging (e.g. scans of an unborn baby) and industrial imaging (e.g. finding flaws in materials)",""
"486","Waves","(S) Sound waves and waves for detection and exploration","Separate","Define seismic waves.","Waves produced by earthquakes.",""
"487","Waves","(S) Sound waves and waves for detection and exploration","Separate","Name the two types of seismic waves.","P-waves and S-waves",""
"488","Waves","(S) Sound waves and waves for detection and exploration","Separate","What type of wave are P-waves?","Longitudinal",""
"489","Waves","(S) Sound waves and waves for detection and exploration","Separate","Name the states of matter in which P-waves can travel.","Solids and liquids",""
"490","Waves","(S) Sound waves and waves for detection and exploration","Separate","What type of wave are S-waves?","Transverse",""
"491","Waves","(S) Sound waves and waves for detection and exploration","Separate","Name the state of matter in which S-waves can travel.","Solids only (they cannot travel through liquids)",""
"799","Waves","(S) Sound waves and waves for detection and exploration","Separate","Describe how a sound wave travels through a solid.","It makes the particles of the solid vibrate, and the vibrations are passed on from particle to particle.",""
"800","Waves","(S) Sound waves and waves for detection and exploration","Separate","Explain why human hearing is limited to a range of frequencies.","Sound waves are converted into vibrations of solids (such as the eardrum) only over a limited range of frequencies.",""
"801","Waves","(S) Sound waves and waves for detection and exploration","Separate","State what happens to an ultrasound wave when it meets a boundary between two different media.","It is partially reflected.",""
"802","Waves","(S) Sound waves and waves for detection and exploration","Separate","Describe how ultrasound is used to find the distance to a boundary.","Measure the time taken for the reflection to return to the detector. Distance to the boundary = speed × time ÷ 2.",""
"803","Waves","(S) Sound waves and waves for detection and exploration","Separate","State what echo sounding is used for.","Detecting objects in deep water and measuring the depth of the water (using high-frequency sound waves).",""
"804","Waves","(S) Sound waves and waves for detection and exploration","Separate","State what the study of seismic waves has provided evidence for.","The structure and size of the Earth's core.",""
"805","Waves","(S) Sound waves and waves for detection and exploration","Separate","Explain how S-waves provide evidence that part of the Earth's core is liquid.","S-waves cannot travel through a liquid, and they are not detected on the opposite side of the Earth from an earthquake.",""
"492","Waves","Electromagnetic waves","Combined","What type of wave are electromagnetic waves?","Transverse",""
"493","Waves","Electromagnetic waves","Combined","State what oscillates in electromagnetic waves.","Electric and magnetic fields",""
"494","Waves","Electromagnetic waves","Combined","Explain why electromagnetic waves can travel in a vacuum.","They are oscillations of electric and magnetic fields, not of particles, so they do not need a medium.",""
"495","Waves","Electromagnetic waves","Combined","Name the seven groups of the electromagnetic spectrum, in order from longest to shortest wavelength.","Radio waves, microwaves, infrared, visible light, ultraviolet, X-rays and gamma rays",""
"496","Waves","Electromagnetic waves","Combined","Name the group of the electromagnetic spectrum with the longest wavelength.","Radio waves",""
"497","Waves","Electromagnetic waves","Combined","Name the group of the electromagnetic spectrum with the shortest wavelength.","Gamma rays",""
"498","Waves","Electromagnetic waves","Combined","Name the group of the electromagnetic spectrum which human eyes can detect.","Visible light",""
"499","Waves","Electromagnetic waves","Combined","Define refraction.","The change in direction of a wave when it crosses a boundary between two media.",""
"500","Waves","Electromagnetic waves","Combined","Give two situations in which a wave crossing a boundary does not change direction.","When it travels along the normal (meets the boundary at 90°).
When its speed is the same in both media.",""
"501","Waves","Electromagnetic waves","Combined","Explain why refraction happens.","The wave travels at a different speed in the new medium.",""
"502","Waves","Electromagnetic waves","Combined","Name the process shown in this wavefront diagram.","Refraction","wavefront-refraction.svg"
"503","Waves","Electromagnetic waves","Combined","In this diagram, state what labels A, B, C and D represent.","A: incident ray
B: angle of incidence
C: refracted ray
D: angle of refraction","ray-refraction.svg"
"504","Waves","Electromagnetic waves","Combined","Describe how radio waves can be produced.","By oscillations of charge (an alternating current) in an electrical circuit.",""
"505","Waves","Electromagnetic waves","Combined","Describe how radio waves can be detected.","The radio waves are absorbed by an aerial and create an alternating current in the circuit, with the same frequency as the radio wave.",""
"506","Waves","Electromagnetic waves","Combined","State two hazards of ultraviolet radiation.","Premature ageing of the skin and an increased risk of skin cancer",""
"507","Waves","Electromagnetic waves","Combined","State the hazards of x-ray and gamma radiation.","They are ionising: they can cause mutation of genes and cancer.",""
"508","Waves","Electromagnetic waves","Combined","State what radio waves are used for.","Television and radio signals",""
"509","Waves","Electromagnetic waves","Combined","State what microwaves are used for.","Satellite communications and cooking food",""
"510","Waves","Electromagnetic waves","Combined","State what infrared radiation is used for.","Electrical heaters, cooking food and infrared cameras",""
"511","Waves","Electromagnetic waves","Combined","State what visible light is used for.","Fibre optic communications",""
"512","Waves","Electromagnetic waves","Combined","State what ultraviolet radiation is used for.","Energy-efficient lamps and sun tanning",""
"513","Waves","Electromagnetic waves","Combined","State what x-rays and gamma rays are used for.","Medical imaging and treatments",""
"806","Waves","Electromagnetic waves","Combined","State what all electromagnetic waves have in common when they travel through a vacuum.","They all travel at the same speed.",""
"807","Waves","Electromagnetic waves","Combined","Name the group of the electromagnetic spectrum with the highest frequency.","Gamma rays",""
"808","Waves","Electromagnetic waves","Combined","State what electromagnetic waves transfer.","Energy, from the source of the waves to an absorber.",""
"809","Waves","Electromagnetic waves","Combined","State what kind of spectrum the electromagnetic waves form.","A continuous spectrum.",""
"810","Waves","Electromagnetic waves","Combined","State where gamma rays originate.","From changes in the nucleus of an atom.",""
"811","Waves","Electromagnetic waves","Combined","Explain why microwaves are suitable for satellite communications.","They can pass through the Earth's atmosphere without being absorbed or reflected.",""
"812","Waves","Electromagnetic waves","Combined","Explain why X-rays are suitable for producing images of bones.","They pass through soft tissue but are absorbed by bone.",""
"813","Waves","Electromagnetic waves","Combined","State the two things that the hazard from ultraviolet waves, X-rays and gamma rays depends on.","The type of radiation and the size of the dose.",""
"514","Waves","Infrared radiation (RP)","Combined","Describe a Leslie cube.","A hollow metal cube whose faces have different surfaces (e.g. matt black, shiny black, white and shiny silver). It is filled with hot water.",""
"515","Waves","Infrared radiation (RP)","Combined","When investigating the amount of infrared radiation emitted from different surfaces, name the independent variable.","The type of surface (its colour and texture)",""
"516","Waves","Infrared radiation (RP)","Combined","When investigating the amount of infrared radiation emitted from different surfaces, name the dependent variable.","Amount of infrared radiation emitted",""
"517","Waves","Infrared radiation (RP)","Combined","When investigating the amount of infrared radiation emitted from different surfaces, name the variables that need to be controlled.","Temperature of the surface, area of the surface, material the surface is made of, and distance between the surface and the infrared sensor",""
"518","Waves","Infrared radiation (RP)","Combined","Describe how the amount of infrared radiation emitted from a surface can be measured.","With an infrared detector held a fixed distance from the surface.",""
"519","Waves","Infrared radiation (RP)","Combined","For an infrared thermometer, describe the relationship between the amount of infrared radiation detected and the temperature it will read.","The more infrared radiation detected, the higher the temperature reading.",""
"521","Waves","Infrared radiation (RP)","Combined","If each side of a Leslie cube is the same temperature, explain why some surfaces give higher/lower readings on the infrared sensor.","Different surfaces emit infrared radiation at different rates. Matt black surfaces are the best emitters and give the highest readings; shiny silver surfaces are the worst.",""
"814","Waves","Infrared radiation (RP)","Combined","State the type of surface that is the best emitter of infrared radiation.","A matt black surface",""
"815","Waves","Infrared radiation (RP)","Combined","State the type of surface that is the worst emitter of infrared radiation.","A shiny silver surface",""
"816","Waves","Infrared radiation (RP)","Combined","State the type of surface that is the best absorber of infrared radiation.","A matt black surface",""
"522","Waves","(S) Lenses and visible light","Separate","Name the process that happens to light in a lens.","Refraction",""
"523","Waves","(S) Lenses and visible light","Separate","Describe what a convex lens does to parallel rays of light.","It brings them together (converges them) to a point called the principal focus.",""
"524","Waves","(S) Lenses and visible light","Separate","Define the focal length of a lens.","The distance from the lens to the principal focus.",""
"525","Waves","(S) Lenses and visible light","Separate","Describe what a concave lens does to parallel rays of light.","It spreads them out (diverges them) so that they appear to come from a point called the principal focus.",""
"526","Waves","(S) Lenses and visible light","Separate","Define a real image.","An image formed where rays of light actually meet.",""
"527","Waves","(S) Lenses and visible light","Separate","Define a virtual image.","An image formed where rays of light only appear to come from (they do not actually meet there).",""
"528","Waves","(S) Lenses and visible light","Separate","Name the type of image that can be projected onto a screen.","A real image",""
"529","Waves","(S) Lenses and visible light","Separate","Name the type of lens that produces only virtual images.","A concave lens",""
"530","Waves","(S) Lenses and visible light","Separate","Name the type of lens that this symbol represents.","A convex lens","lens-symbol-convex.svg"
"531","Waves","(S) Lenses and visible light","Separate","Name the type of lens that this symbol represents.","A concave lens","lens-symbol-concave.svg"
"532","Waves","(S) Lenses and visible light","Separate","Name the type of lens shown in this ray diagram.","A convex lens","ray-convex.svg"
"533","Waves","(S) Lenses and visible light","Separate","Name the type of lens shown in this ray diagram.","A concave lens","ray-concave.svg"
"534","Waves","(S) Lenses and visible light","Separate","State how the waves of different colours of light are different from one another.","They have different wavelengths (and frequencies).",""
"535","Waves","(S) Lenses and visible light","Separate","Define specular reflection.","Reflection from a smooth surface in a single direction.",""
"536","Waves","(S) Lenses and visible light","Separate","Define diffuse reflection.","Reflection from a rough surface, which scatters the light in many directions.",""
"537","Waves","(S) Lenses and visible light","Separate","Explain how colour filters work.","They transmit certain wavelengths (colours) of light and absorb all the others.",""
"538","Waves","(S) Lenses and visible light","Separate","Explain why blue objects appear blue.","They reflect blue light and absorb all other colours of light.",""
"539","Waves","(S) Lenses and visible light","Separate","Explain why white objects appear white.","They reflect all wavelengths (colours) of visible light equally.",""
"540","Waves","(S) Lenses and visible light","Separate","Explain why black objects appear black.","They absorb all wavelengths (colours) of visible light.",""
"817","Waves","(S) Lenses and visible light","Separate","In words, state the equation for magnification.","magnification = image height ÷ object height",""
"818","Waves","(S) Lenses and visible light","Separate","State the unit of magnification.","It has no unit (it is a ratio).",""
"819","Waves","(S) Lenses and visible light","Separate","State the types of image that a convex lens can produce.","Real or virtual (depending on how far the object is from the lens).",""
"820","Waves","(S) Lenses and visible light","Separate","State what determines the colour of an opaque object.","The wavelengths of light that it reflects most strongly.",""
"821","Waves","(S) Lenses and visible light","Separate","State what an opaque object does to light.","It does not transmit any light: the light is absorbed or reflected.",""
"822","Waves","(S) Lenses and visible light","Separate","A blue object is viewed in red light. State and explain the colour it appears.","Black.
It absorbs the red light, and there is no blue light for it to reflect.",""
"541","Waves","(S) Black body radiation","Separate","Name the type of radiation that all objects emit.","Infrared radiation",""
"542","Waves","(S) Black body radiation","Separate","Describe the relationship between the temperature of an object and the amount of infrared radiation that it emits.","The hotter the object, the more infrared radiation it emits in a given time.",""
"543","Waves","(S) Black body radiation","Separate","Define a perfect black body.","An object that absorbs all the radiation incident on it (it reflects and transmits none). It is also the best possible emitter.",""
"544","Waves","(S) Black body radiation","Separate","Describe the relationship between how good an absorber of radiation an object is and how good an emitter of radiation the object is.","The better an object is at absorbing radiation, the better it is at emitting radiation.",""
"545","Waves","(S) Black body radiation","Separate","Describe how the radiation emitted by an object changes as its temperature increases.","The intensity of every wavelength increases, and the peak moves to a shorter wavelength (higher frequency).",""
"546","Waves","(S) Black body radiation","Separate","If an object is at a constant temperature, state what this means about the radiation it emits and absorbs.","It absorbs radiation at the same rate as it emits radiation.",""
"547","Waves","(S) Black body radiation","Separate","In terms of emission and absorption of infrared radiation, state when the temperature of an object will increase.","When the object absorbs more infrared radiation than it emits.",""
"823","Waves","(S) Black body radiation","Separate","State what all bodies do, whatever their temperature.","They emit and absorb infrared radiation.",""
"824","Waves","(S) Black body radiation","Separate","In terms of emission and absorption of radiation, state when the temperature of an object will decrease.","When it emits radiation faster than it absorbs it.",""
"825","Waves","(S) Black body radiation","Separate","Give three factors that the temperature of the Earth depends on.","The rate at which it absorbs radiation, the rate at which it emits radiation, and how much radiation is reflected back into space.",""
"548","Magnetism and electromagnetism","Permanent and induced magnetism","Combined","In terms of physics, define attract.","When a force pulls two objects towards each other.",""
"549","Magnetism and electromagnetism","Permanent and induced magnetism","Combined","In terms of physics, define repel.","When a force pushes two objects away from each other.",""
"550","Magnetism and electromagnetism","Permanent and induced magnetism","Combined","State the names for the two ends of a magnet.","The north pole and the south pole",""
"551","Magnetism and electromagnetism","Permanent and induced magnetism","Combined","What does a north pole do to another north pole?","Repels",""
"552","Magnetism and electromagnetism","Permanent and induced magnetism","Combined","What does a north pole do to a south pole?","Attracts",""
"553","Magnetism and electromagnetism","Permanent and induced magnetism","Combined","Name three magnetic chemical elements.","Iron, nickel and cobalt",""
"554","Magnetism and electromagnetism","Permanent and induced magnetism","Combined","Name an alloy that is magnetic.","Steel",""
"555","Magnetism and electromagnetism","Permanent and induced magnetism","Combined","Define a permanent magnet.","A magnet that produces its own magnetic field.",""
"556","Magnetism and electromagnetism","Permanent and induced magnetism","Combined","Define an induced magnet.","A material that becomes a magnet when it is placed in a magnetic field (and loses most of its magnetism when it is removed).",""
"557","Magnetism and electromagnetism","Permanent and induced magnetism","Combined","State whether the force between an induced magnet and a permanent magnet is always attractive or repulsive.","Always attractive",""
"558","Magnetism and electromagnetism","Permanent and induced magnetism","Combined","State what surrounds a permanent magnet.","A magnetic field",""
"559","Magnetism and electromagnetism","Permanent and induced magnetism","Combined","Describe the relationship between the distance from a magnet and the strength of the magnetic field in that location.","The greater the distance from the magnet, the weaker the magnetic field.",""
"560","Magnetism and electromagnetism","Permanent and induced magnetism","Combined","State where the magnetic field is strongest around a permanent magnet.","At the poles.",""
"561","Magnetism and electromagnetism","Permanent and induced magnetism","Combined","Describe how a magnetic field diagram shows where the magnetic field is strongest.","Where the magnetic field lines are closest together.",""
"562","Magnetism and electromagnetism","Permanent and induced magnetism","Combined","State the direction in which magnetic field lines point.","From the north pole to the south pole.",""
"563","Magnetism and electromagnetism","Permanent and induced magnetism","Combined","Describe what a compass contains.","A small bar magnet (the needle) that is free to rotate.",""
"564","Magnetism and electromagnetism","Permanent and induced magnetism","Combined","Give two ways to find the shape of the magnetic field around a permanent magnet.","Use plotting compasses, or sprinkle iron filings around the magnet.",""
"565","Magnetism and electromagnetism","Permanent and induced magnetism","Combined","Describe how the direction of the magnetic field around a permanent magnet can be found.","Place a plotting compass in the field: its needle points along the field line, away from the north pole and towards the south pole.",""
"566","Magnetism and electromagnetism","Permanent and induced magnetism","Combined","Name the pole at the end of a compass needle that points north.","A north (north-seeking) pole",""
"567","Magnetism and electromagnetism","Permanent and induced magnetism","Combined","State the type of magnetic pole found near the Earth's geographic North Pole.","A magnetic south pole (it attracts the north pole of a compass needle)",""
"568","Magnetism and electromagnetism","Permanent and induced magnetism","Combined","State the evidence that the Earth's core is magnetic.","A compass needle lines up in the same (north–south) direction wherever it is on the Earth.",""
"826","Magnetism and electromagnetism","Permanent and induced magnetism","Combined","Define a magnetic field.","The region around a magnet where a force acts on another magnet or on a magnetic material.",""
"827","Magnetism and electromagnetism","Permanent and induced magnetism","Combined","State whether the force between two magnets is a contact or a non-contact force.","A non-contact force",""
"828","Magnetism and electromagnetism","Permanent and induced magnetism","Combined","State what happens to an induced magnet when it is removed from the magnetic field.","It loses most or all of its magnetism quickly.",""
"829","Magnetism and electromagnetism","Permanent and induced magnetism","Combined","State how the direction of a magnetic field at a point is defined.","It is the direction of the force that would act on a north pole placed at that point.",""
"569","Magnetism and electromagnetism","Electromagnetism","Combined","Describe when a wire will have a magnetic field around it.","When there is a current in the wire.",""
"570","Magnetism and electromagnetism","Electromagnetism","Combined","Describe the shape of the magnetic field around a straight piece of wire.","Concentric circles around the wire.",""
"571","Magnetism and electromagnetism","Electromagnetism","Combined","State what the strength of the magnetic field around a wire depends on.","The size of the current and the distance from the wire",""
"572","Magnetism and electromagnetism","Electromagnetism","Combined","Define a solenoid.","A long coil of wire (it produces a magnetic field when there is a current in it).",""
"573","Magnetism and electromagnetism","Electromagnetism","Combined","Describe the shape of the magnetic field around a solenoid.","A similar shape to that of a bar magnet.",""
"574","Magnetism and electromagnetism","Electromagnetism","Combined","For a solenoid, state where the magnetic field is strong and uniform.","Inside the solenoid.",""
"575","Magnetism and electromagnetism","Electromagnetism","Combined","Describe how a simple electromagnet can be made.","Wrap a coil of wire (a solenoid) around an iron core and pass a current through the wire.",""
"576","Magnetism and electromagnetism","Electromagnetism","Combined","Give two advantages of an electromagnet compared to a permanent magnet.","It can be turned on and off and its strength can be varied.",""
"577","Magnetism and electromagnetism","Electromagnetism","Combined","Give two ways to increase the strength of the magnetic field around an electromagnet.","Increase the current, or add more turns to the coil.",""
"830","Magnetism and electromagnetism","Electromagnetism","Combined","State the effect of adding an iron core to a solenoid.","It increases the strength of the magnetic field.",""
"831","Magnetism and electromagnetism","Electromagnetism","Combined","State how the direction of the magnetic field around a wire can be reversed.","By reversing the direction of the current.",""
"832","Magnetism and electromagnetism","Electromagnetism","Combined","State the effect on the magnetic field of shaping a wire into a solenoid.","It makes the magnetic field stronger.",""
"578","Magnetism and electromagnetism","Fleming's left-hand rule and motors","Combined","Describe the motor effect.","A conductor carrying a current in a magnetic field experiences a force, because its own magnetic field interacts with the field of the magnet.",""
"579","Magnetism and electromagnetism","Fleming's left-hand rule and motors","Combined","In Fleming's left-hand rule, state what the thumb represents.","The direction of the force (motion)",""
"580","Magnetism and electromagnetism","Fleming's left-hand rule and motors","Combined","In Fleming's left-hand rule, state what the first finger represents.","The direction of the magnetic field (north to south)",""
"581","Magnetism and electromagnetism","Fleming's left-hand rule and motors","Combined","In Fleming's left-hand rule, state what the second finger represents.","The direction of the (conventional) current",""
"582","Magnetism and electromagnetism","Fleming's left-hand rule and motors","Combined","Give three ways to increase the force on a current-carrying wire in a magnetic field.","Increase the magnetic flux density (use a stronger magnet), increase the current, and increase the length of wire in the field",""
"583","Magnetism and electromagnetism","Fleming's left-hand rule and motors","Combined","Define magnetic flux density.","A measure of the strength of a magnetic field.",""
"584","Magnetism and electromagnetism","Fleming's left-hand rule and motors","Combined","State the SI unit of magnetic flux density.","Tesla (T)",""
"585","Magnetism and electromagnetism","Fleming's left-hand rule and motors","Combined","Describe what will happen to a coil of wire with a current flowing through it if it is placed in a magnetic field.","The coil rotates, because the forces on its two sides are in opposite directions.",""
"586","Magnetism and electromagnetism","Fleming's left-hand rule and motors","Combined","Name the effect used in electric motors.","The motor effect",""
"587","Magnetism and electromagnetism","(S) Loudspeakers","Separate","Name the effect used in loudspeakers.","The motor effect",""
"588","Magnetism and electromagnetism","(S) Loudspeakers","Separate","Describe how a loudspeaker produces a sound in air.","An alternating current in the coil makes the coil and the cone move back and forth (the motor effect). The vibrating cone makes the air particles vibrate, producing a sound wave.",""
"589","Magnetism and electromagnetism","(S) Loudspeakers","Separate","Describe how the amplitude of a sound wave generated by a loudspeaker can be increased.","By increasing the magnitude of the current in the coil.",""
"590","Magnetism and electromagnetism","(S) Loudspeakers","Separate","Describe how the frequency of a sound wave generated by a loudspeaker can be increased.","By increasing the frequency of the oscillations in the alternating current in the coil.",""
"833","Magnetism and electromagnetism","Fleming's left-hand rule and motors","Combined","State the equation for the force on a conductor carrying a current at right angles to a magnetic field.","force = magnetic flux density × current × length
(F = B I l)",""
"834","Magnetism and electromagnetism","Fleming's left-hand rule and motors","Combined","Give two ways to reverse the direction of the force on a current-carrying wire in a magnetic field.","Reverse the direction of the current, or reverse the direction of the magnetic field.",""
"835","Magnetism and electromagnetism","Fleming's left-hand rule and motors","Combined","Give two ways to make an electric motor spin faster.","Increase the current, or use a stronger magnetic field.",""
"591","Magnetism and electromagnetism","(S) Induced potential, transformers and the National Grid","Separate","State what is induced by the generator effect.","A potential difference (and a current, if the conductor is part of a complete circuit).",""
"592","Magnetism and electromagnetism","(S) Induced potential, transformers and the National Grid","Separate","State what is needed for the generator effect to occur.","A conductor and a magnetic field, with either the conductor moving relative to the field or the magnetic field around the conductor changing.",""
"593","Magnetism and electromagnetism","(S) Induced potential, transformers and the National Grid","Separate","Give three ways to increase the size of the induced potential difference.","Use a stronger magnetic field, move the conductor (or magnet) faster, and use a coil with more turns.",""
"594","Magnetism and electromagnetism","(S) Induced potential, transformers and the National Grid","Separate","Describe how the direction of the induced potential difference (and current) can be reversed.","Reverse the direction of movement, or reverse the direction of the magnetic field.",""
"595","Magnetism and electromagnetism","(S) Induced potential, transformers and the National Grid","Separate","State the difference between an alternator and a dynamo.","An alternator generates alternating current; a dynamo generates direct current.",""
"596","Magnetism and electromagnetism","(S) Induced potential, transformers and the National Grid","Separate","Name the effect used in microphones.","The generator effect",""
"597","Magnetism and electromagnetism","(S) Induced potential, transformers and the National Grid","Separate","Describe how a microphone works.","Sound waves make a diaphragm vibrate. The diaphragm moves a coil in a magnetic field, which induces a changing potential difference: an electrical signal that matches the sound wave.",""
"598","Magnetism and electromagnetism","(S) Induced potential, transformers and the National Grid","Separate","Name the effect used in transformers.","The generator effect (electromagnetic induction)",""
"599","Magnetism and electromagnetism","(S) Induced potential, transformers and the National Grid","Separate","Describe the structure of a transformer.","A primary coil and a secondary coil of wire, wound on an iron core.",""
"600","Magnetism and electromagnetism","(S) Induced potential, transformers and the National Grid","Separate","Describe what a step-up transformer does.","It increases the potential difference (and decreases the current).",""
"601","Magnetism and electromagnetism","(S) Induced potential, transformers and the National Grid","Separate","Describe what a step-down transformer does.","It decreases the potential difference (and increases the current).",""
"602","Magnetism and electromagnetism","(S) Induced potential, transformers and the National Grid","Separate","Describe the number of turns on the primary and secondary coils of a step-up transformer.","There are more turns on the secondary coil than on the primary coil.",""
"603","Magnetism and electromagnetism","(S) Induced potential, transformers and the National Grid","Separate","Describe the number of turns on the primary and secondary coils of a step-down transformer.","There are fewer turns on the secondary coil than on the primary coil.",""
"604","Magnetism and electromagnetism","(S) Induced potential, transformers and the National Grid","Separate","In an ideal transformer, describe how the power input and power output will be related.","The power output is equal to the power input.",""
"605","Magnetism and electromagnetism","(S) Induced potential, transformers and the National Grid","Separate","Name the type of current that is input to the primary coil of a transformer.","Alternating current",""
"606","Magnetism and electromagnetism","(S) Induced potential, transformers and the National Grid","Separate","Name the type of current that is induced in the secondary coil of a transformer.","Alternating current",""
"607","Magnetism and electromagnetism","(S) Induced potential, transformers and the National Grid","Separate","Explain why a transformer needs an iron core.","The alternating current in the primary coil makes a changing magnetic field in the iron core, which induces an alternating potential difference across the secondary coil.",""
"836","Magnetism and electromagnetism","(S) Induced potential, transformers and the National Grid","Separate","State what the magnetic field of an induced current does.","It opposes the original change (the movement of the conductor or the change in the magnetic field).",""
"837","Magnetism and electromagnetism","(S) Induced potential, transformers and the National Grid","Separate","Explain why a transformer does not work with a direct current.","A direct current produces a constant magnetic field, and a changing magnetic field is needed to induce a potential difference in the secondary coil.",""
"838","Magnetism and electromagnetism","(S) Induced potential, transformers and the National Grid","Separate","In words, state the equation that links the potential differences and the numbers of turns for a transformer.","p.d. across primary ÷ p.d. across secondary = turns on primary ÷ turns on secondary
(Vp ÷ Vs = np ÷ ns)",""
"839","Magnetism and electromagnetism","(S) Induced potential, transformers and the National Grid","Separate","State the equation for a transformer that is 100% efficient.","Vs × Is = Vp × Ip
(power output = power input)",""
"840","Magnetism and electromagnetism","(S) Induced potential, transformers and the National Grid","Separate","Describe the potential difference–time graph for an alternator.","The potential difference repeatedly changes direction: a wave that goes equally above and below zero.",""
"841","Magnetism and electromagnetism","(S) Induced potential, transformers and the National Grid","Separate","Describe the potential difference–time graph for a dynamo.","The potential difference rises and falls but is always in the same direction (it never goes below zero).",""
"608","Space physics","(S) Solar System, stars, orbits and satellites","Separate","Name the main objects in our Solar System.","One star (the Sun), eight planets, dwarf planets, moons (natural satellites), asteroids and comets",""
"609","Space physics","(S) Solar System, stars, orbits and satellites","Separate","Name the eight planets in our Solar System in order, starting closest to the Sun.","Mercury, Venus, Earth, Mars, Jupiter, Saturn, Uranus and Neptune",""
"610","Space physics","(S) Solar System, stars, orbits and satellites","Separate","Define a galaxy.","A huge collection of stars (billions), with gas and dust, held together by gravity.",""
"611","Space physics","(S) Solar System, stars, orbits and satellites","Separate","Give the name of our galaxy.","The Milky Way",""
"612","Space physics","(S) Solar System, stars, orbits and satellites","Separate","Give the name for a cloud of dust and gas in space where stars can form.","A nebula",""
"613","Space physics","(S) Solar System, stars, orbits and satellites","Separate","Name the force that brings the dust and gas inside a nebula together to form a star.","Gravity",""
"614","Space physics","(S) Solar System, stars, orbits and satellites","Separate","Define a protostar.","A hot, dense ball of gas formed as gravity pulls a nebula together; it is not yet hot enough for fusion.",""
"615","Space physics","(S) Solar System, stars, orbits and satellites","Separate","Name the process that can begin when the temperature within a protostar gets high enough.","Nuclear fusion (of hydrogen into helium)",""
"616","Space physics","(S) Solar System, stars, orbits and satellites","Separate","Explain why main sequence stars are in a state of equilibrium.","The inward force of gravity is balanced by the outward force from the expansion caused by fusion energy.",""
"617","Space physics","(S) Solar System, stars, orbits and satellites","Separate","State what a star about the same size as the Sun becomes after its main sequence stage.","A red giant, then a white dwarf, then a black dwarf.",""
"618","Space physics","(S) Solar System, stars, orbits and satellites","Separate","State what a star much bigger than the Sun becomes after its main sequence stage.","A red super giant, then a supernova, which leaves either a neutron star or a black hole.",""
"619","Space physics","(S) Solar System, stars, orbits and satellites","Separate","State how elements up to iron in the periodic table are formed.","By nuclear fusion in stars.",""
"620","Space physics","(S) Solar System, stars, orbits and satellites","Separate","State how elements heavier than iron are formed.","In supernovae (the explosions of massive stars).",""
"621","Space physics","(S) Solar System, stars, orbits and satellites","Separate","State what causes an object to orbit another object.","The force of gravity between them.",""
"622","Space physics","(S) Solar System, stars, orbits and satellites","Separate","Define an orbit.","The curved path (circular or elliptical) of one object around another object in space.",""
"623","Space physics","(S) Solar System, stars, orbits and satellites","Separate","Name a natural satellite of Earth.","The Moon",""
"624","Space physics","(S) Solar System, stars, orbits and satellites","Separate","Define an artificial satellite.","An object placed in orbit around a planet by humans.",""
"625","Space physics","(S) Solar System, stars, orbits and satellites","Separate","Explain why an object in orbit is accelerating.","Its direction is changing, therefore its velocity is changing, so it is accelerating.",""
"626","Space physics","(S) Solar System, stars, orbits and satellites","Separate","Explain why, in a circular orbit, the velocity of an object changes but its speed does not.","Gravity acts at right angles to the direction of motion, so it changes the direction (and so the velocity) but not the speed.",""
"627","Space physics","(S) Solar System, stars, orbits and satellites","Separate","For a stable orbit, describe the relationship between the orbital speed and the orbital radius.","The smaller the orbital radius, the greater the orbital speed must be for the orbit to be stable.",""
"842","Space physics","(S) Solar System, stars, orbits and satellites","Separate","State what the Sun was formed from.","A cloud of dust and gas (a nebula) pulled together by gravity.",""
"843","Space physics","(S) Solar System, stars, orbits and satellites","Separate","State what natural satellites of planets are called.","Moons",""
"844","Space physics","(S) Solar System, stars, orbits and satellites","Separate","List, in order, the stages in the life cycle of a star about the same size as the Sun.","Nebula, protostar, main sequence star, red giant, white dwarf, black dwarf",""
"845","Space physics","(S) Solar System, stars, orbits and satellites","Separate","List, in order, the stages in the life cycle of a star much bigger than the Sun.","Nebula, protostar, main sequence star, red super giant, supernova, then a neutron star or a black hole",""
"846","Space physics","(S) Solar System, stars, orbits and satellites","Separate","State how the elements made in stars are spread throughout the Universe.","By supernova explosions of massive stars.",""
"847","Space physics","(S) Solar System, stars, orbits and satellites","Separate","State what planets orbit and what moons and artificial satellites orbit.","Planets orbit the Sun (a star).
Moons and artificial satellites orbit planets.",""
"628","Space physics","(S) Red-shift","Separate","Define red shift.","The observed increase in the wavelength of light from distant galaxies (towards the red end of the spectrum) because they are moving away from us.",""
"629","Space physics","(S) Red-shift","Separate","Explain why light from distant galaxies is red-shifted.","The galaxies are moving away from the Earth (space is expanding).",""
"630","Space physics","(S) Red-shift","Separate","Describe the relationship between the speed that a galaxy is moving away from Earth and the amount of redshift.","The faster a galaxy is moving away, the more redshift there is.",""
"631","Space physics","(S) Red-shift","Separate","Describe the relationship between the distance to a galaxy and the speed that it is moving away from Earth.","The greater the distance to a galaxy, the faster it is moving away from Earth.",""
"632","Space physics","(S) Red-shift","Separate","Describe the Big Bang theory.","The theory that the Universe began from a very small region that was extremely hot and dense, and has been expanding ever since.",""
"633","Space physics","(S) Red-shift","Separate","Explain why red-shift is evidence for the Big Bang theory.","Red-shift shows that distant galaxies are all moving away, the furthest fastest. So the Universe is expanding and must once have been concentrated in a very small region.",""
"634","Space physics","(S) Red-shift","Separate","Name two things about the Universe that scientists still do not understand.","Dark energy and dark matter",""
"635","Space physics","(S) Red-shift","Separate","Describe what observations of supernovae since 1998 suggest about the Universe.","Distant galaxies are receding ever faster: the expansion of the Universe is accelerating.",""
"848","Space physics","(S) Red-shift","Separate","State what happens to the observed wavelength of light from a galaxy that is moving away from us.","It increases (the light is red-shifted).",""
"849","Space physics","(S) Red-shift","Separate","State what the red-shift of distant galaxies provides evidence for.","That the Universe is expanding, which supports the Big Bang theory.",""
