"Number","Change","Original question","Original answer","Revised question","Revised answer","Reason"
"2","Edited","State the law of conservation of energy.","Energy cannot be created or destroyed, it can only be transferred between one store and another.","State the law of conservation of energy.","Energy can be transferred usefully, stored or dissipated, but it cannot be created or destroyed.","AQA wording"
"3","Edited","Define closed system.","A system in which energy is conserved.","Define a closed system.","A system that no energy enters or leaves, so there is no net change in its total energy.","Original answer was circular"
"4","Edited","Define work done.","When energy is transferred from one store to another.","Define work done.","The energy transferred when a force moves an object through a distance.","Physics corrected: work is done by a force"
"5","Edited","State the standard units for energy.","Joules (J)","State the SI unit of energy.","Joule (J)","SI unit wording"
"16","Edited","Name the four transfers of energy.","Electrical, mechanical, radiation and heating","Name the four ways in which energy can be transferred between stores.","Mechanically (by a force), electrically (by a current), by heating, and by radiation (waves)","Wording"
"17","Edited","Name the transfer of energy associated with forces changing the motion of an object.","Mechanical transfer","Name the type of energy transfer that takes place when a force moves an object.","Mechanical transfer (work done by a force)","Wording"
"18","Edited","Name the transfer of energy associated with an object emitting sound or light.","Radiation transfer","Name the type of energy transfer that takes place when an object emits light or sound.","Transfer by radiation (waves)","Wording"
"19","Edited","Name the transfer of energy associated with one object increasing the temperature of another.","Heating transfer","Name the type of energy transfer that takes place when a hot object raises the temperature of a cooler one.","Transfer by heating","Wording"
"638","New","","","Define a system.","An object or a group of objects.","New: fills a gap against the specification"
"639","New","","","State what happens to the energy of a system when the system changes.","The way the energy is stored changes: energy is transferred from one store to another.","New: fills a gap against the specification"
"640","New","","","In words, state the equation that links kinetic energy, mass and speed.","kinetic energy = 0.5 × mass × speed²
(Ek = ½ m v²)","New: fills a gap against the specification"
"641","New","","","In words, state the equation that links gravitational potential energy, mass, gravitational field strength and height.","gravitational potential energy = mass × gravitational field strength × height
(Ep = m g h)","New: fills a gap against the specification"
"642","New","","","In words, state the equation that links elastic potential energy, spring constant and extension.","elastic potential energy = 0.5 × spring constant × extension²
(Ee = ½ k e²)","New: fills a gap against the specification"
"643","New","","","Name the two quantities that the kinetic energy of an object depends on.","Its mass and its speed","New: fills a gap against the specification"
"644","New","","","Name the three quantities that the gravitational potential energy of an object depends on.","Its mass, the gravitational field strength and its height","New: fills a gap against the specification"
"645","New","","","A ball is thrown straight up. Describe the changes in its energy stores as it rises.","Its kinetic energy store decreases and its gravitational potential energy store increases.","New: fills a gap against the specification"
"646","New","","","An electric kettle is switched on. Describe the useful energy transfer.","Energy is transferred electrically to the thermal energy store of the water.","New: fills a gap against the specification"
"21","Edited","Identify what this combination of symbols represents: ∆Θ","Change in temperature","State what this combination of symbols represents: Δθ","Change in temperature","Symbol: lower-case theta"
"22","Edited","State the standard units for specific heat capacity.","Joules per kilogram per degree Celsius (J/kg°C)","State the SI unit of specific heat capacity.","Joule per kilogram per degree Celsius (J/kg °C)","SI unit wording"
"23","Edited","Define specific heat capacity.","The amount of energy required to raise the temperature of 1 kg of a substance by 1°C.","Define specific heat capacity.","The energy required to raise the temperature of 1 kg of a substance by 1 °C.","Wording"
"24","Edited","If a material has a relatively high value for specific heat capacity, state and explain whether it is relatively hard or easy to heat up.","Hard It requires a lot of energy to raise the temperature of 1 kg by 1°C.","If a material has a relatively high value for specific heat capacity, state and explain whether it is relatively hard or easy to heat up.","Hard to heat up.
It takes a lot of energy to raise the temperature of 1 kg by 1 °C.","Line breaks restored / set out as steps"
"27","Edited","Name the piece of equipment used to measure mass.","A mass balance","Name the piece of equipment used to measure mass.","A balance","Wording"
"28","Edited","Explain why a Bunsen burner is not used to heat a material when measuring specific heat capacity.","The amount of energy it supplies cannot be established easily.","Explain why a Bunsen burner is not used to heat a material when measuring specific heat capacity.","The energy it supplies cannot be measured easily (and a lot is transferred to the surroundings).","Wording"
"29","Edited","Explain why an electrical heater is used to heat a material when measuring specific heat capacity.","It is possible to establish how much energy is supplied.","Explain why an electrical heater is used to heat a material when measuring specific heat capacity.","The energy supplied can be calculated from the potential difference, current and time (or measured with a joulemeter).","More specific"
"30","Removed","A student wants to measure the specific heat capacity of an iron block. Outline a method to do this. Ensure the method would lead to valid results.","Measure the mass of the block using a mass balance. Measure the initial temperature of the block by inserting a thermometer. Insert an electric heater into the block and turn it on. When the temperature reading on the thermometer starts to increase, start a timer. Record the current through the heater and potential difference across the heater for 10 minutes. After 10 minutes, record the final temperature of the block. Calculate the temperature change by subtracting the initial temperature from the final temperature. Use the measurements of time, potential difference and current to calculate the energy supplied to the block. Use the equation to calculate the specific heat capacity.","","","Removed: long method answer, not quick recall"
"647","New","","","In words, state the equation that links change in thermal energy, mass, specific heat capacity and temperature change.","change in thermal energy = mass × specific heat capacity × temperature change
(ΔE = m c Δθ)","New: fills a gap against the specification"
"648","New","","","When measuring specific heat capacity, explain why the block is wrapped in insulation.","To reduce the energy transferred to the surroundings, so that nearly all the energy supplied heats the block.","New: fills a gap against the specification"
"649","New","","","Explain why the value of specific heat capacity found by experiment is usually higher than the true value.","Some of the energy supplied is transferred to the surroundings, so more energy is supplied than the block actually gains.","New: fills a gap against the specification"
"31","Edited","Define power.","The rate of energy transfer or the rate of work done.","Define power.","The rate at which energy is transferred (or the rate at which work is done).","Wording"
"32","Edited","State the standard units for power.","Watts (W)","State the SI unit of power.","Watt (W)","SI unit wording"
"33","Edited","State the standard units for time.","Seconds (s)","State the SI unit of time.","Second (s)","SI unit wording"
"34","Edited","Name an equivalent but non-standard unit for 1 W.","1 J/s","State a unit that is equivalent to 1 W.","1 J/s (one joule per second)","Wording"
"36","Edited","State how unwanted energy transfers can be reduced.","By lubrication or thermal insulation.","State how unwanted energy transfers can be reduced.","By lubrication and by thermal insulation.","Wording"
"37","Edited","Name the store of energy that the lubrication of moving parts will reduce energy transfers to.","The thermal energy store","Lubricating moving parts reduces unwanted energy transfers to which energy store?","The thermal energy store (of the parts and the surroundings)","Wording"
"38","Edited","In terms of energy, define efficient.","Only a small percentage (or small fraction) of the input energy is wasted.","In terms of energy, describe what it means for a device to be efficient.","Most of the input energy is transferred usefully; only a small fraction is wasted.","Wording"
"39","Edited","What are the units of efficiency?","There are no units, it is unitless.","State the unit of efficiency.","It has no unit (it is a ratio, given as a decimal or a percentage).","Wording"
"42","Edited","Two torches each have an input power of 50 W. Torch A has a useful output power of 40 W. Torch B has a useful output power of 45 W. State and explain which torch is more efficient.","Torch B It uses a greater percentage of the input power usefully.","Two torches each have an input power of 50 W. Torch A has a useful output power of 40 W. Torch B has a useful output power of 45 W. State and explain which torch is more efficient.","Torch B.
It transfers a greater fraction of the input power usefully (90% compared with 80%).","Line breaks restored / set out as steps"
"43","Edited","Two heaters each have a useful output power of 2000 W. Heater A has an input power of 2500 W. Heater B has an input power of 2600 W. State and explain which heater is more efficient.","Heater A It wastes a smaller percentage of the input power.","Two heaters each have a useful output power of 2000 W. Heater A has an input power of 2500 W. Heater B has an input power of 2600 W. State and explain which heater is more efficient.","Heater A.
It wastes a smaller fraction of the input power (it is 80% efficient; heater B is 77%).","Line breaks restored / set out as steps"
"650","New","","","In words, state the equation that links power, energy transferred and time.","power = energy transferred ÷ time
(P = E ÷ t)","New: fills a gap against the specification"
"651","New","","","In words, state the equation that links power, work done and time.","power = work done ÷ time
(P = W ÷ t)","New: fills a gap against the specification"
"652","New","","","In words, state the equation for efficiency in terms of energy.","efficiency = useful output energy transfer ÷ total input energy transfer","New: fills a gap against the specification"
"653","New","","","In words, state the equation for efficiency in terms of power.","efficiency = useful power output ÷ total power input","New: fills a gap against the specification"
"654","New","","","State what is meant by dissipated energy.","Energy that is transferred to the surroundings and stored in less useful ways (it is 'wasted').","New: fills a gap against the specification"
"655","New","","","State what eventually happens to wasted energy.","It is transferred to the surroundings, which become slightly warmer.","New: fills a gap against the specification"
"656","New","","","Two motors lift the same load through the same height. Motor A does it in less time. State and explain which motor is more powerful.","Motor A.
It transfers the same amount of energy in a shorter time.","New: fills a gap against the specification"
"657","New","","","Explain why the efficiency of a device can never be greater than 1 (100%).","Energy cannot be created, so the useful output energy cannot be greater than the total input energy.","New: fills a gap against the specification"
"48","Edited","Explain the purpose of using a good thermal insulator.","To reduce unwanted heating transfers.","Explain the purpose of using a good thermal insulator.","To reduce unwanted energy transfers by heating.","Wording"
"49","Edited","Name the pieces of equipment required to compare the effectiveness of thermal insulators.","Volume of hot water in a beaker, different insulating materials, thermometer and timer","Name the pieces of equipment required to compare the effectiveness of thermal insulators.","A beaker of hot water, different insulating materials, a thermometer and a stopwatch","Wording"
"50","Edited","In an investigation to compare which thermal insulating material is most effective, name the independent variable.","Insulating material","In an investigation to compare which thermal insulating material is most effective, name the independent variable.","The type of insulating material","Wording"
"51","Edited","In an investigation to compare which thermal insulating material is most effective, name the dependent variable.","Temperature change of the water being insulated","In an investigation to compare which thermal insulating material is most effective, name the dependent variable.","The temperature change (fall) of the water in a set time","Wording"
"52","Edited","In an investigation to compare which thermal insulating material is most effective, name three variables that need to be controlled.","Volume of water, volume of insulation and time for cooling","In an investigation to compare which thermal insulating material is most effective, name three variables that need to be controlled.","Any three from: volume of water, starting temperature of the water, thickness of the insulation, cooling time","Starting temperature added"
"53","Edited","Name the piece of equipment used to measure time.","A stopwatch","Name the piece of equipment used to measure time.","A stopwatch (or timer)","Wording"
"54","Removed","A student wants to measure the effect of multiple layers of insulation on the temperature change of a liquid in five minutes. Outline a method to do this. Ensure the method would lead to valid results.","Take a set volume of liquid in a beaker at a set temperature and measure the initial temperature. Leave for five minutes and measure the final temperature. Repeat with one layer of insulation. Repeat with two layers of insulation, etc. For each experiment, find the change in temperature by subtracting the initial temperature from the final temperature.","","","Removed: long method answer, not quick recall"
"658","New","","","Explain why loft insulation reduces the heating bills of a house.","It has a low thermal conductivity, so it reduces the rate of energy transfer by conduction out of the house.","New: fills a gap against the specification"
"659","New","","","In the thermal insulation practical, explain why each beaker must start at the same temperature.","Hotter water cools more quickly, so a different starting temperature would make the comparison unfair.","New: fills a gap against the specification"
"56","Edited","Define renewable energy resource.","A resource that is being (or can be) replenished as it is used.","Define a renewable energy resource.","An energy resource that is being (or can be) replenished as it is used.","Wording"
"57","Edited","Name the nine main energy resources.","Fossil fuels, nuclear fuel, biofuel, wind, hydroelectricity, solar, geothermal, tidal and wave","Name the nine main energy resources.","Fossil fuels, nuclear fuel, biofuel, wind, hydroelectricity, geothermal, the tides, the Sun (solar) and water waves","Wording"
"61","Edited","In terms of energy resources, define reliable.","A resource that can be relied on to supply energy in a predictable way when needed.","In terms of energy resources, state what reliable means.","The resource can supply energy whenever it is needed, in a predictable way.","Wording"
"62","Edited","Explain why solar power is not reliable in every country.","The amount of sunlight can change (due to weather).","Explain why solar power is not reliable in every country.","The amount of sunlight varies with the weather and the time of day (there is none at night).","Wording"
"63","Edited","Explain why wind power is not reliable in every country.","The amount of wind can vary.","Explain why wind power is not reliable in every country.","The wind speed varies, and sometimes there is no wind.","Wording"
"64","Edited","Explain why fossil fuels are considered reliable.","They can be burned in varying amounts depending on demand.","Explain why fossil fuels are considered reliable.","They can be burned at any time, in varying amounts, to match demand.","Wording"
"66","Edited","Identify the energy resource that contributes most negatively to climate change.","Fossil fuels","Identify the energy resource that contributes most to climate change.","Fossil fuels","Wording"
"67","Edited","Other than climate change, name two important environmental factors when considering which energy resource to use.","Destruction of habitats and environmental cost of the building materials","Other than climate change, name two important environmental factors when considering which energy resource to use.","Any two from: destruction of habitats, air pollution (e.g. acid rain), radioactive waste, visual or noise pollution","Original second answer was vague"
"71","Edited","State four factors that go into a decision about which energy resource to use in an area.","Environmental, political, social and economic considerations","State four types of consideration that affect the choice of energy resource for an area.","Environmental, political, social and economic considerations","Wording"
"660","New","","","Define a non-renewable energy resource.","An energy resource that is not being replenished as it is used, so it will eventually run out.","New: fills a gap against the specification"
"661","New","","","Explain why nuclear fuel is a non-renewable energy resource.","There is a finite supply of uranium and plutonium, and it is not replenished as it is used.","New: fills a gap against the specification"
"662","New","","","Give one advantage of nuclear power compared with burning fossil fuels.","No carbon dioxide is produced when the electricity is generated, so it does not contribute to climate change.","New: fills a gap against the specification"
"663","New","","","Give one disadvantage of nuclear power.","It produces radioactive waste, which stays hazardous for a very long time (and power stations are expensive to decommission).","New: fills a gap against the specification"
"664","New","","","Name the gas released by burning fossil fuels that contributes most to climate change.","Carbon dioxide","New: fills a gap against the specification"
"665","New","","","Other than climate change, state one environmental problem caused by burning fossil fuels.","Acid rain (caused by sulfur dioxide)","New: fills a gap against the specification"
"666","New","","","State one environmental impact of a hydroelectric dam or tidal barrage.","It floods land or changes river and estuary habitats, harming wildlife.","New: fills a gap against the specification"
"667","New","","","Explain why tidal power is more reliable than wind power.","The tides are predictable and happen every day; the wind is not predictable.","New: fills a gap against the specification"
"668","New","","","Explain why scientists can identify environmental issues but cannot always deal with them.","Because of political, social, ethical or economic considerations.","New: fills a gap against the specification"
"72","Edited","Name the components labelled A to E.","A - open switch B - closed switch C - cell D - battery E - diode","Name the components labelled A to E in the diagram.","A: open switch
B: closed switch
C: cell
D: battery
E: diode","Line breaks restored / set out as steps; Diagram added"
"73","Edited","Name the components labelled F to J.","F - resistor G - variable resistor H - light-emitting diode (LED) I - lamp J - fuse","Name the components labelled F to J in the diagram.","F: resistor
G: variable resistor
H: light-emitting diode (LED)
I: lamp
J: fuse","Line breaks restored / set out as steps; Diagram added"
"74","Edited","Name the components labelled K to N.","K - voltmeter L - ammeter M - thermistor N - light-dependent resistor (LDR)","Name the components labelled K to N in the diagram.","K: voltmeter
L: ammeter
M: thermistor
N: light-dependent resistor (LDR)","Line breaks restored / set out as steps; Diagram added"
"75","Edited","State the function of a cell or battery.","To supply energy to a circuit.","State the function of a cell or battery.","To provide the potential difference that makes charge flow round the circuit.","More precise than 'supply energy'"
"76","Edited","State the difference between a cell and a battery.","A battery is made up of multiple cells.","State the difference between a cell and a battery.","A battery is two or more cells connected together.","Wording"
"77","Edited","State the function of a diode.","To allow current to flow in one direction only.","State the function of a diode.","To allow current in one direction only.","Wording"
"78","Edited","State the function of a resistor.","To limit the flow of charge.","State the function of a resistor.","To limit (reduce) the current in a circuit.","Wording"
"79","Edited","State the function of a variable resistor.","To provide a resistance that can be manually altered.","State the function of a variable resistor.","To provide a resistance that can be changed, so the current can be controlled.","Wording"
"80","Edited","State the function of a LED.","To light up (transfer energy by radiation) whilst only allowing current to flow in one direction (as for a diode).","State the function of an LED.","To emit light when there is a current through it in the forward direction.","Wording"
"81","Edited","State the function of a fuse.","To stop current flowing if it gets too large.","State the function of a fuse.","To melt and break the circuit if the current becomes too large.","Wording"
"83","Edited","Explain which of these diagrams shows a voltmeter connected correctly to measure the potential difference across the bulb.","B, it is in parallel with the bulb.","Explain which diagram, A or B, shows a voltmeter connected correctly to measure the potential difference across the lamp.","B.
The voltmeter is connected in parallel with the lamp.","Refers to the new diagram"
"84","Edited","State the function of an ammeter.","To measure electrical current.","State the function of an ammeter.","To measure current.","Wording"
"85","Edited","Explain which of these diagrams shows an ammeter connected correctly to measure the current through the bulb.","A, it is in series with the bulb.","Explain which diagram, A or B, shows an ammeter connected correctly to measure the current through the lamp.","A.
The ammeter is connected in series with the lamp.","Refers to the new diagram"
"86","Edited","State the function of a thermistor.","To alter its resistance in response to the temperature of the room.","State the function of a thermistor.","Its resistance changes with temperature, so it is used as a temperature sensor.","Wording"
"87","Edited","State the function of a LDR.","To alter its resistance in response to the light intensity in the room.","State the function of an LDR.","Its resistance changes with light intensity, so it is used as a light sensor.","Wording"
"88","Edited","Define electrical conductor.","A material that allows an electrical current to flow through it.","Define an electrical conductor.","A material that allows charge (an electric current) to flow through it.","Wording"
"89","Edited","Name the charged subatomic particles that can flow in metals.","Electrons","Name the charged subatomic particles that can flow in metals.","Electrons (free electrons)","Wording"
"90","Edited","Define electrical current.","The rate of flow of electrical charge","Define electric current.","The rate of flow of electrical charge.","Wording"
"91","Edited","State the standard units for charge, current and time.","Coulombs (C), Amperes or amps (A), Seconds (s)","State the SI units of charge, current and time.","Charge: coulomb (C)
Current: ampere (A)
Time: second (s)","SI unit wording; Line breaks restored / set out as steps"
"92","Edited","Describe the current throughout a closed loop within a circuit.","It has the same value everywhere in the circuit.","Describe the current at different points in a single closed loop of a circuit.","It has the same value at every point in the loop.","Wording"
"93","Edited","Name the two variables that the current flowing through a component depends on.","Potential difference across the component and resistance of the component","Name the two variables that the current flowing through a component depends on.","The potential difference across the component and the resistance of the component","Wording"
"96","Edited","State the standard units for potential difference and resistance.","Volts (V) and Ohms (Ω)","State the SI units of potential difference and resistance.","Potential difference: volt (V)
Resistance: ohm (Ω)","SI unit wording; Line breaks restored / set out as steps"
"97","Edited","Name the only component whose resistance stays constant with increasing current.","Ohmic conductor (resistor)","Name the type of component whose resistance stays constant as the current changes (at constant temperature).","An ohmic conductor (e.g. a fixed resistor)","'Only component' was too strong"
"98","Edited","Describe the relationship between potential difference and current for an ohmic conductor (resistor).","Current is directly proportional to potential difference.","Describe the relationship between potential difference and current for an ohmic conductor at constant temperature.","Current is directly proportional to potential difference.","Wording"
"99","Edited","The diagram shows an I-V curve. Name the component that would produce this curve.","Ohmic conductor (resistor)","The diagram shows an I–V graph. Name the type of component that would produce this graph.","An ohmic conductor (a fixed resistor at constant temperature)","Refers to the new diagram"
"100","Edited","The diagram shows an I-V curve. Name the component that would produce this curve.","Filament lamp","The diagram shows an I–V graph. Name the component that would produce this graph.","A filament lamp","Refers to the new diagram"
"101","Edited","The diagram shows the I-V curve for a filament lamp. Describe the graph in terms of the resistance of the component as potential difference increases.","The resistance increases as the potential difference increases.","The diagram shows the I–V graph for a filament lamp. Describe how the resistance of the lamp changes as the potential difference increases.","The resistance increases as the potential difference increases.","Wording; Diagram added"
"102","Edited","Explain why the resistance of a filament lamp increases with current.","The increased current increases the temperature.","Explain why the resistance of a filament lamp increases with current.","A greater current makes the filament hotter, and the resistance of the filament increases as its temperature increases.","Answer completed"
"103","Edited","The diagram shows an I-V curve. Name the component that would produce this curve.","Diode","The diagram shows an I–V graph. Name the component that would produce this graph.","A diode","Refers to the new diagram"
"104","Edited","The diagram shows the I-V curve for a diode. Describe the graph in terms of resistance of the component if the potential difference is in the reverse direction.","The resistance of the diode is very high in the reverse direction.","The diagram shows the I–V graph for a diode. Describe the resistance of the diode when the potential difference is in the reverse direction.","Very high (so almost no current flows).","Wording; Diagram added"
"105","Edited","In a thermistor, describe how the resistance varies with temperature.","As the temperature increases, the resistance decreases.","For a thermistor, describe how the resistance varies with temperature.","As the temperature increases, the resistance decreases.","Wording"
"106","Edited","In a LDR, describe how the resistance varies with light intensity.","As the light intensity increases, the resistance decreases.","For an LDR, describe how the resistance varies with light intensity.","As the light intensity increases, the resistance decreases.","Wording"
"107","Edited","Give a use of thermistors and LDRs","Thermistors: temperature sensors such as thermostats. LDR: light sensors such as street lights","Give one use of a thermistor and one use of an LDR.","Thermistor: a temperature sensor, e.g. in a thermostat.
LDR: a light sensor, e.g. switching street lights on when it gets dark.","Line breaks restored / set out as steps"
"669","New","","","State the two things needed for electrical charge to flow in a circuit.","A closed (complete) circuit and a source of potential difference.","New: fills a gap against the specification"
"670","New","","","In words, state the equation that links charge flow, current and time.","charge flow = current × time
(Q = I t)","New: fills a gap against the specification"
"671","New","","","In words, state the equation that links potential difference, current and resistance.","potential difference = current × resistance
(V = I R)","New: fills a gap against the specification"
"672","New","","","State the condition under which the current through a resistor is directly proportional to the potential difference across it.","The temperature of the resistor must stay constant.","New: fills a gap against the specification"
"108","Edited","To find the resistance of a component, identify the two variables that need to be measured experimentally.","Potential difference across the component and current flowing through it","To find the resistance of a component, identify the two variables that need to be measured experimentally.","The potential difference across the component and the current through it","Wording"
"111","Edited","When investigating how the length of a wire affects the resistance of the wire, name three variables that need to be controlled.","Temperature of the wire, thickness of the wire and material the wire is made of","When investigating how the length of a wire affects the resistance of the wire, name three variables that need to be controlled.","The temperature of the wire, the thickness (diameter) of the wire and the material of the wire","Wording"
"112","Edited","As the length of a wire is increased, describe the effect on the resistance of the wire.","The resistance should increase.","As the length of a wire is increased, describe the effect on the resistance of the wire.","The resistance increases (resistance is directly proportional to length).","Wording"
"113","Edited","When measuring the resistance of a piece of wire, it is hard to attach the crocodile clips to exactly 0 cm. Identify the type of error this causes.","Zero error, a systematic error","When measuring the resistance of a piece of wire, it is hard to attach the crocodile clips to exactly 0 cm. Identify the type of error this causes.","A zero error (a type of systematic error)","Wording"
"114","Edited","When measuring the resistance of a piece of wire, explain why the potential difference should be kept small.","So there is a small current and the wire does not heat up as much.","When measuring the resistance of a piece of wire, explain why the potential difference should be kept small.","To keep the current small, so the wire does not heat up (which would change its resistance).","Wording"
"115","Removed","A student wants to investigate the effect of the length of a piece of wire on its resistance. Outline a method to do this. Ensure the method would lead to valid results.","Connect two crocodile clips 10 cm apart on the piece of wire. In series to the wire, connect a power source and an ammeter. In parallel to the wire, connect a voltmeter. Turn on the power source and measure the current and potential difference, then turn the power source off. Reattach the crocodile clips 20 cm apart and repeat. Calculate the resistance by dividing the potential difference by the current.","","","Removed: long method answer, not quick recall"
"116","Edited","If two resistors are connected in series, state what this means in terms of loops.","They are connected in the same loop.","If two resistors are connected in series, state what this means in terms of loops.","They are in the same loop, one after the other.","Wording"
"117","Edited","If two resistors are connected in parallel, state what this means in terms of loops.","They are connected in different loops.","If two resistors are connected in parallel, state what this means in terms of loops.","They are on separate branches (different loops).","Wording"
"118","Edited","If two resistors are connected in series, explain how the total resistance is calculated.","The total resistance increases as it is the sum of the two resistances.","If two resistors are connected in series, describe how the total resistance is calculated.","Add the two resistances together: R total = R₁ + R₂.","Wording"
"119","Removed","A student wants to investigate the effect on the total resistance of placing two resistors in series compared to placing them in parallel. Outline a method to do this. Ensure the method would lead to valid results.","Connect the two resistors in series. In series with the resistors, connect a power source and an ammeter. In parallel, connect a voltmeter arcoss both resistors. Turn on the power source and measure the current and potential difference, then turn the power source off. Calculate the resistance by dividing the potential difference by the current. Repeat with the resistors in parallel, but keep the voltmeter across both resistors and the ammeter measuring the current through the power source.","","","Removed: long method answer, not quick recall"
"120","Edited","A circuit has a lamp, power supply and variable resistor. State two ways to increase the potential difference across the lamp.","Increase the potential difference of the power source (by adding more cells or using a power pack). Decrease the resistance of the variable resistor.","A circuit has a lamp, a power supply and a variable resistor in series. State two ways to increase the potential difference across the lamp.","Increase the potential difference of the power supply (e.g. add more cells).
Decrease the resistance of the variable resistor.","Line breaks restored / set out as steps"
"121","Edited","When establishing the I-V curve of a component, name the independent and dependent variables","Independent: p.d. across the component Dependent: current through the component","When finding the I–V characteristic of a component, name the independent and dependent variables.","Independent: potential difference across the component
Dependent: current through the component","Line breaks restored / set out as steps"
"122","Removed","A student wants to establish the I-V curve of a filament bulb. Outline a method to do this. Ensure the method would lead to valid results.","Connect a filament bulb in series with a power supply, a vairable resistor and an ammeter. Connect a voltmeter in parallel with the filament bulb. Turn on the power pack at the lowest setting and measure the current and potential difference. Vary the resistance of the variable resistor and repeat the two measurements. Repeat this 5 times. Plot the measured potential difference (on the x-axis) against the measured current (on the y-axis).","","","Removed: long method answer, not quick recall"
"673","New","","","Describe the graph of resistance against length for a wire.","A straight line through the origin (resistance is directly proportional to length).","New: fills a gap against the specification"
"126","Edited","Describe the total resistance across different components when they are connected in series.","The total resistance is the sum of individual resistances.","Describe the total resistance of components connected in series.","It is the sum of the individual resistances.","Wording"
"127","Edited","Describe the current through different components connected in parallel.","The current through each component adds up to give the total current.","Describe the current through different components connected in parallel.","The total current from the supply is the sum of the currents through the separate branches.","Wording"
"128","Edited","Describe what happens to the reading on the ammeter when the switch at the bottom is closed.","Nothing happens to the reading because the resistor and the bulb are in independent, parallel loops.","In the circuit shown, the lamp is lit. Describe what happens to the reading on the ammeter when the switch is closed.","The reading does not change.
The lamp and the resistor are on separate parallel branches, so the potential difference across the lamp stays the same.","Refers to the new diagram"
"129","Edited","Describe the potential difference across different components when they are connected in parallel.","Each component gets the same potential difference (it is not shared).","Describe the potential difference across different components when they are connected in parallel.","The potential difference across each component is the same (it is not shared).","Wording"
"636","New","","","Describe the total resistance of two resistors connected in parallel.","It is less than the resistance of the smaller individual resistor.","New: the bank had no question on resistance in parallel"
"674","New","","","Explain why adding resistors in series increases the total resistance.","The supply potential difference is shared between more resistors, so the current is smaller for the same potential difference.","New: fills a gap against the specification"
"675","New","","","Explain why adding resistors in parallel decreases the total resistance.","Each new branch gives the charge another path, so the total current increases for the same potential difference.","New: fills a gap against the specification"
"676","New","","","Several lamps are connected in series and one of them breaks. State what happens to the other lamps.","They all go out, because the circuit is no longer complete.","New: fills a gap against the specification"
"677","New","","","Give two advantages of connecting lamps in parallel rather than in series.","Each lamp can be switched on and off separately, and if one lamp breaks the others stay lit (each lamp also gets the full supply potential difference).","New: fills a gap against the specification"
"130","Edited","What does AC and DC stand for?","Alternating current and direct current","What do a.c. and d.c. stand for?","Alternating current and direct current","Wording"
"132","Edited","State the frequency and potential dfference of UK mains electricity.","50 Hz and 230V","State the frequency and potential difference of the UK mains electricity supply.","50 Hz and about 230 V","Typo"
"133","Edited","What colour is the insulation around the live, neutral and earth wires?","Brown, blue and yellow/green stripes (respectively)","State the colour of the insulation on the live, neutral and earth wires.","Live: brown
Neutral: blue
Earth: green and yellow stripes","Line breaks restored / set out as steps"
"134","Edited","State the function of the live wire in a 3 core cable.","Carries the alternating potential difference from the supply.","State the function of the live wire in a three-core cable.","It carries the alternating potential difference from the supply.","Wording"
"135","Edited","State the function of the neutral wire in a 3 core cable.","Completes the circuit.","State the function of the neutral wire in a three-core cable.","It completes the circuit.","Wording"
"136","Edited","State the function of the earth wire in a 3 core cable.","A safety wire to stop appliances becoming live.","State the function of the earth wire in a three-core cable.","It is a safety wire that stops the appliance (its casing) becoming live.","Wording"
"137","Edited","State the potential difference between the live and earth wires.","230 V","State the potential difference between the live wire and the earth wire.","About 230 V","Wording"
"138","Edited","In a three core cable, name the wires that should be at 0 V.","Earth wire and neutral wire","In a three-core cable, name the wires that are at, or close to, 0 V.","The earth wire (0 V) and the neutral wire (at or close to 0 V)","Wording"
"139","Edited","State when the earth wire will carry a current.","When there is a fault.","State when the earth wire will carry a current.","Only when there is a fault.","Wording"
"140","Edited","In a three core cable, name the wire that is connected to the fuse.","Live wire","In a plug, name the wire that is connected to the fuse.","The live wire","Wording"
"141","Edited","Explain why the live wire is dangerous even if the switch is not closed.","There will be a potential difference across a person if they touch the live wire (person's feet at 0 V, point of touch at 230 V) which will cause a current to flow through them.","Explain why touching the live wire is dangerous even when the switch of the appliance is open.","The live wire is still at about 230 V and the person is at 0 V, so there is a large potential difference across them and a current flows through their body to earth.","Wording"
"142","Edited","Define power in terms of energy.","Rate of transfer of energy.","Define power in terms of energy.","The rate at which energy is transferred.","Wording"
"143","Edited","State the standard units for power.","Watts (W)","State the SI unit of power.","Watt (W)","SI unit wording"
"144","Edited","Give two variables that affect the amount of energy transferred by an appliance.","Time the appliance is left on for and its power output","Give two variables that affect the amount of energy transferred by an appliance.","The power of the appliance and the time it is switched on for","Wording"
"145","Edited","If the power rating of a device is higher, state the effect on the energy transferred.","It is transferred more quickly.","If the power rating of an appliance is higher, state the effect on the energy it transfers each second.","It transfers more energy each second.","Wording"
"146","Edited","Describe the components and purpose of the National Grid.","A system of cables and transformers. Links power stations to consumers.","Describe the components and purpose of the National Grid.","A system of cables and transformers.
It links power stations to consumers.","Line breaks restored / set out as steps"
"148","Edited","State the function of transformers.","To alter the potential difference and current","State the function of transformers.","To increase or decrease the potential difference (which also changes the current).","Wording"
"151","Edited","Explain why step-up transformers are used to increase the potential difference across transmission cables.","So there is less current in the transmission cables and less energy is lost due to heating.","Explain why step-up transformers are used to increase the potential difference across transmission cables.","A higher potential difference means a smaller current for the same power, so less energy is wasted heating the cables.","Wording"
"678","New","","","Define direct current (d.c.).","A current that flows in one direction only.","New: fills a gap against the specification"
"679","New","","","Name a source of direct current.","A cell or battery","New: fills a gap against the specification"
"680","New","","","In words, state the equation that links power, potential difference and current.","power = potential difference × current
(P = V I)","New: fills a gap against the specification"
"681","New","","","In words, state the equation that links power, current and resistance.","power = current² × resistance
(P = I² R)","New: fills a gap against the specification"
"682","New","","","In words, state the equation that links energy transferred, power and time.","energy transferred = power × time
(E = P t)","New: fills a gap against the specification"
"683","New","","","In words, state the equation that links energy transferred, charge flow and potential difference.","energy transferred = charge flow × potential difference
(E = Q V)","New: fills a gap against the specification"
"684","New","","","A battery-powered fan is switched on. Describe the useful energy transfer.","Energy is transferred electrically from the chemical energy store of the battery to the kinetic energy store of the fan.","New: fills a gap against the specification"
"685","New","","","Explain why step-down transformers are used before electricity reaches homes.","To reduce the potential difference to a much lower, safer value (230 V) for domestic use.","New: fills a gap against the specification"
"686","New","","","Explain why any connection between the live wire and earth is dangerous.","A very large current would flow to earth, which could cause a fire or a fatal electric shock.","New: fills a gap against the specification"
"152","Edited","Describe how insulating materials can be made to be electrically charged.","By rubbing them against one another.","Describe how insulating materials can be made to be electrically charged.","By rubbing them together: friction transfers electrons from one material to the other.","Mechanism added"
"155","Edited","Describe what occurs when two electrically charged objects are brought close together.","They experience a force (they attract or repel).","Describe what occurs when two electrically charged objects are brought close together.","They exert a force on each other: like charges repel and opposite charges attract.","Wording"
"157","Edited","Explain why there is no potential difference between two insulating objects before they are rubbed together.","They have no charge.","Explain why there is no potential difference between two insulating objects before they are rubbed together.","Both objects are neutral (uncharged), so there is no difference in charge between them.","Wording"
"159","Edited","Where is the electric field strongest around a charged object?","Closest to the object.","State where the electric field around a charged object is strongest.","Closest to the object.","Wording"
"162","Edited","Explain which of the diagrams shows the correct electric field lines for a negatively charged object.","A, because the field lines all point towards the negative charge.","Explain which diagram, A or B, shows the correct electric field lines around a negatively charged object.","A.
The field lines point towards the negative charge.","Refers to the new diagram"
"163","Edited","Explain why a charged object experiences a force when close to another charged object.","Because of the interaction between their electric fields.","Explain why a charged object experiences a force when close to another charged object.","The electric field of each object exerts a force on the other object.","Wording"
"164","Edited","State how the size of the force between two charged objects can be increased.","By bringing them closer together.","State how the size of the force between two charged objects can be increased.","By moving them closer together (or by increasing the charge on them).","Wording"
"687","New","","","State what happens when two objects carrying the same type of charge are brought close together.","They repel each other.","New: fills a gap against the specification"
"688","New","","","State what happens when two objects carrying opposite charges are brought close together.","They attract each other.","New: fills a gap against the specification"
"689","New","","","A plastic rod becomes negatively charged when it is rubbed with a cloth. State and explain the charge on the cloth.","The cloth has an equal positive charge, because it has lost the electrons that the rod gained.","New: fills a gap against the specification"
"690","New","","","Define an electric field.","The region around a charged object in which another charged object experiences a force.","New: fills a gap against the specification"
"691","New","","","Describe the electric field pattern around an isolated positively charged sphere.","Straight field lines spreading out from the sphere in all directions (radially), pointing away from it.","New: fills a gap against the specification"
"692","New","","","Explain how a spark is produced between a charged object and an earthed conductor.","The charge creates a strong electric field between them. The field ionises the air, so the air conducts and charge flows across the gap as a spark.","New: fills a gap against the specification"
"165","Edited","Define density.","The mass per unit of volume.","Define density.","The mass per unit volume of a substance.","Wording"
"166","Edited","State the standard units for volume.","Metres cubed (m³)","State the SI unit of volume.","Cubic metre (m³)","SI unit wording"
"167","Edited","State the standard units for density.","Kilograms per metre cubed (kg/m³)","State the SI unit of density.","Kilogram per cubic metre (kg/m³)","SI unit wording"
"168","Edited","Which state of matter is compressible?","Gas","Which state of matter can be compressed easily?","Gas","Wording"
"169","Edited","Explain why solids and liquids are not compressible.","Their particles are all touching.","Explain why solids and liquids cannot be compressed easily.","Their particles are already touching, with almost no space between them.","Wording"
"171","Edited","Describe the motion of particles in a liquid.","They flow over one another.","Describe the motion of particles in a liquid.","They move randomly, sliding past one another while staying in contact.","Wording"
"172","Edited","Describe the motion of particles in a gas.","In random directions, with a range of speeds.","Describe the motion of particles in a gas.","They move quickly in random directions, with a range of speeds.","Wording"
"693","New","","","In words, state the equation that links density, mass and volume.","density = mass ÷ volume
(ρ = m ÷ V)","New: fills a gap against the specification"
"694","New","","","Describe the arrangement of the particles in a solid.","Very close together in a regular pattern.","New: fills a gap against the specification"
"695","New","","","Describe the arrangement of the particles in a liquid.","Close together (touching) but in a random arrangement.","New: fills a gap against the specification"
"696","New","","","Describe the arrangement of the particles in a gas.","Far apart, in a random arrangement.","New: fills a gap against the specification"
"697","New","","","Explain why gases have a much lower density than solids and liquids.","The particles are far apart, so there is much less mass in a given volume.","New: fills a gap against the specification"
"174","Edited","Describe how the volume of a cube can be established.","Measure the width of the cube with a ruler and then use the equation for the volume of a cube.","Describe how the volume of a cube can be found.","Measure the length of one side with a ruler, then calculate volume = length × width × height.","Wording"
"175","Edited","Describe how the volume of a sphere can be established.","Measure the diameter of the sphere with a ruler and then use the equation for the volume of a sphere.","Describe how the volume of a sphere can be found.","Measure the diameter with a ruler or calipers, halve it to find the radius, then use volume = 4/3 × π × r³.","Wording"
"176","Edited","Describe how the volume of a liquid can be measured.","With a measuring cylinder.","Describe how the volume of a liquid can be measured.","With a measuring cylinder.","Wording"
"178","Edited","Describe how the mass of a liquid can be established.","Measure the mass of an empty measuring cylinder. Measure the mass of the same container with the liquid inside it. Subtract the values.","Describe how the mass of a liquid can be found.","Measure the mass of an empty measuring cylinder.
Measure the mass of the cylinder with the liquid in it.
Subtract the first mass from the second.","Line breaks restored / set out as steps"
"179","Edited","Name the method that should be used to measure the volume of an irregularly shaped object.","Displacement method","Name the method that should be used to measure the volume of an irregularly shaped object.","The displacement method (using a displacement can or a measuring cylinder of water)","Wording"
"180","Removed","A student wants to measure the density of a metal cube. Outline a method to do this. Ensure the method would lead to valid results.","Measure the mass of the cube using a mass balance. Measure the width, height and length of the cube using a ruler. Calculate the volume of the cube using the mathematical equation. Calculate the density by dividing the mass by the volume.","","","Removed: long method answer, not quick recall"
"181","Removed","A student wants to measure the density of an irregularly shaped piece of metal. Outline a method to do this. Ensure the method would lead to valid results.","Measure the mass of the metal using a mass balance. Fill a measuring cylinder with a known volume of water. Place the metal object into the water and measure the new water volume. The volume of the object is the new volume of water minus the original volume of water. Calculate the density by dividing the mass by the volume.","","","Removed: long method answer, not quick recall"
"698","New","","","Describe how to read the volume from a measuring cylinder accurately.","Read the bottom of the meniscus with your eye level with the surface, to avoid parallax error.","New: fills a gap against the specification"
"699","New","","","Name a measuring instrument that gives a more precise length than a ruler.","Vernier calipers (or a micrometer)","New: fills a gap against the specification"
"183","Edited","Name the change of state from gas to liquid.","Condensing","Name the change of state from gas to liquid.","Condensation (condensing)","Wording"
"184","Edited","Explain the difference between boiling and evaporation.","Boiling happens at the boiling point when all of the substance changes state. Evaporation happens below the boiling point.","Explain the difference between boiling and evaporation.","Boiling happens only at the boiling point, throughout the liquid.
Evaporation happens at any temperature, from the surface of the liquid only.","Physics corrected: original said all of the substance changes state"
"185","Edited","Explain why mass is conserved during a change of state.","Particles are not lost or gained.","Explain why mass is conserved during a change of state.","The number of particles stays the same; only their arrangement changes.","Wording"
"186","Edited","Define physical change.","When a substance changes state, but does not change what substance it is.","Define a physical change.","A change (such as a change of state) in which no new substance is made; the material recovers its original properties if the change is reversed.","AQA wording"
"188","Edited","Define chemical change.","When a substance reacts with something and changes what substance it is.","Define a chemical change.","A change in which new substances are made.","Wording"
"189","Edited","Are chemical changes reversible?","No","Are chemical changes reversible?","Usually not","Some chemical changes are reversible"
"700","New","","","Name the change of state from solid to liquid.","Melting","New: fills a gap against the specification"
"701","New","","","Name the change of state from liquid to solid.","Freezing","New: fills a gap against the specification"
"702","New","","","Name the two ways a liquid can change into a gas.","Boiling and evaporating","New: fills a gap against the specification"
"703","New","","","A 50 g ice cube melts. State the mass of water formed.","50 g (mass is conserved)","New: fills a gap against the specification"
"190","Edited","Define internal energy.","Energy that is stored inside an object by the particles.","Define internal energy.","The total energy stored inside a system by the particles that make it up.","AQA wording"
"191","Edited","Describe the relationship between internal energy, total kinetic energy of the particles and total potential energy of the particles.","internal energy = total kinetic energy of the particles + total potential energy of the particles","State how internal energy is related to the kinetic and potential energies of the particles.","Internal energy = total kinetic energy + total potential energy of all the particles in the system.","Wording"
"192","Edited","State the part of the internal energy that changes if the temperature of an object changes.","The total kinetic energy of the particles","State the part of the internal energy that changes if the temperature of a substance changes.","The kinetic energy of the particles","Wording"
"193","Edited","Describe the relationship between the total kinetic energy of the particles and temperature of the substance.","The greater the total kinetic energy of the particles, the greater the temperature.","Describe the relationship between the average kinetic energy of the particles and the temperature of a substance.","The greater the average kinetic energy of the particles, the higher the temperature.","Physics corrected: temperature depends on average, not total, kinetic energy"
"194","Edited","State the part of the internal energy that changes if the state of a system changes.","The total potential energy of the particles","State the part of the internal energy that changes when a substance changes state.","The potential energy of the particles","Wording"
"195","Edited","State the effect on the state of a system if the total potential energy of particles changes.","The state changes.","State what happens to a substance when the potential energy of its particles changes at a constant temperature.","It changes state.","Original question was circular"
"196","Edited","State the two things that can occur when a substance is heated.","The temperature can increase or the state can change.","State the two things that can happen when a substance is heated.","Its temperature can increase, or it can change state.","Wording"
"198","Edited","State the two things that can occur when a substance is cooled.","The temperature can decrease or the state can change.","State the two things that can happen when a substance is cooled.","Its temperature can decrease, or it can change state.","Wording"
"199","Edited","In which state of matter is the internal energy highest?","Gas","For a given substance, in which state of matter is the internal energy highest?","Gas","Wording"
"704","New","","","State what heating does to the energy stored within a system.","It increases the energy of the particles, so the internal energy increases.","New: fills a gap against the specification"
"705","New","","","State three things that the temperature rise of a heated substance depends on.","The mass of the substance, the type of material (its specific heat capacity) and the energy transferred to it.","New: fills a gap against the specification"
"200","Edited","State the standard units for specific latent heat.","Joules per kilogram (J/kg)","State the SI unit of specific latent heat.","Joule per kilogram (J/kg)","SI unit wording"
"201","Edited","Define latent heat.","The total energy needed to change the state of a system (with no change in temperature).","Define latent heat.","The energy needed to change the state of a substance with no change in temperature.","Wording"
"202","Edited","Define specific latent heat.","The energy needed to change the state of a system per kilogram (with no change in temperature).","Define specific latent heat.","The energy needed to change the state of 1 kg of a substance with no change in temperature.","Wording"
"203","Edited","Define specific latent heat of fusion.","The energy needed to change the state of a system from solid to liquid, per kilogram.","Define specific latent heat of fusion.","The energy needed to change 1 kg of a substance from solid to liquid with no change in temperature.","Wording"
"204","Edited","Define specific latent heat of vaporisation.","The energy needed to change the state of a system from liquid to gas, per kilogram.","Define specific latent heat of vaporisation.","The energy needed to change 1 kg of a substance from liquid to vapour (gas) with no change in temperature.","Wording"
"205","Edited","Which letter on the heating curve represents the section that shows melting?","B","Which letter on the heating curve shows the section where the substance is melting?","B","Refers to the new diagram"
"206","Edited","Which letter on the heating curve represents the section that shows boiling?","D","Which letter on the heating curve shows the section where the substance is boiling?","D","Refers to the new diagram"
"207","Edited","Which letter on the heating curve represents the section that shows a solid increasing in temperature?","A","Which letter on the heating curve shows the section where a solid is increasing in temperature?","A","Refers to the new diagram"
"208","Edited","Which letter on the heating curve represents the section that shows a liquid increasing in temperature?","C","Which letter on the heating curve shows the section where a liquid is increasing in temperature?","C","Refers to the new diagram"
"209","Edited","Which letter on the cooling curve represents the section that shows freezing?","D","Which letter on the cooling curve shows the section where the substance is freezing?","D","Refers to the new diagram"
"210","Edited","Which letter on the cooling curve represents the section that shows a liquid decreasing in temperature?","C","Which letter on the cooling curve shows the section where a liquid is decreasing in temperature?","C","Refers to the new diagram"
"706","New","","","In words, state the equation that links energy for a change of state, mass and specific latent heat.","energy for a change of state = mass × specific latent heat
(E = m L)","New: fills a gap against the specification"
"707","New","","","Explain why the temperature of a substance stays constant while it melts, even though it is being heated.","The energy supplied increases the potential energy of the particles (it changes the state), not their kinetic energy.","New: fills a gap against the specification"
"708","New","","","State the difference between specific heat capacity and specific latent heat.","Specific heat capacity is about the energy needed to change the temperature of 1 kg.
Specific latent heat is about the energy needed to change the state of 1 kg at a constant temperature.","New: fills a gap against the specification"
"212","Edited","Describe the cause of gas pressure.","The collisions of the gas particles with the walls of the container.","Describe the cause of gas pressure.","Gas particles colliding with the walls of the container, exerting a force on them.","Wording"
"709","New","","","Describe the motion of the molecules in a gas.","They are in constant random motion.","New: fills a gap against the specification"
"710","New","","","In terms of particles, explain why heating a gas at constant volume increases its pressure.","The particles move faster, so they hit the walls of the container more often and with more force.","New: fills a gap against the specification"
"214","Edited","State the effect on the volume of a gas if the pressure of the gas is increased (with the temperature constant).","The volume decreases.","State the effect on the volume of a fixed mass of gas if its pressure is increased (at constant temperature).","The volume decreases.","Wording"
"215","Edited","State the effect on the pressure of a gas if the volume of the gas is decreased (with the temperature constant).","The pressure increases.","State the effect on the pressure of a fixed mass of gas if its volume is decreased (at constant temperature).","The pressure increases.","Wording"
"216","Edited","Explain why increasing the volume in which a gas is contained decreases the pressure.","The collisions of the gas particles with the walls of the container are spread over a larger area.","Explain why increasing the volume in which a gas is contained decreases the pressure.","The particles are more spread out, so they collide with the walls of the container less often, giving a smaller force on each unit of area.","Physics corrected: fewer collisions, not the same collisions over a larger area"
"217","Edited","State the standard units for pressure.","Pascals (Pa)","State the SI unit of pressure.","Pascal (Pa)","SI unit wording"
"218","Edited","State the standard units for volume.","Metres cubed (m³)","State the SI unit of volume.","Cubic metre (m³)","SI unit wording"
"711","New","","","State the equation for a fixed mass of gas at constant temperature.","pressure × volume = constant
(p V = constant)","New: fills a gap against the specification"
"712","New","","","State the direction of the net force that gas pressure exerts on the wall of its container.","At right angles to the wall.","New: fills a gap against the specification"
"713","New","","","The volume of a fixed mass of gas is doubled at constant temperature. State what happens to its pressure.","It halves.","New: fills a gap against the specification"
"219","Edited","Define doing work on a gas.","Transferring energy to the gas.","Describe what is meant by doing work on a gas.","Transferring energy to the gas by applying a force to it (e.g. compressing it).","Wording"
"222","Edited","Describe how work can be done on a gas.","By applying a force to the gas, e.g. with a bicycle pump.","Describe how work can be done on a gas.","By applying a force to compress it, e.g. pushing the piston of a bicycle pump.","Wording"
"223","Edited","State the approximate radius of a typical atom.","Approximately 0.1 nm","State the approximate radius of an atom.","About 0.1 nm (1 × 10⁻¹⁰ m)","Wording"
"224","Edited","Describe the structure of an atom.","A central nucleus comprised of protons and neutrons surrounded by electrons.","Describe the structure of an atom.","A positively charged nucleus, made of protons and neutrons, surrounded by negatively charged electrons.","Wording"
"225","Edited","State the fraction of the radius of an atom taken up by the radius of the nucleus.","Approximately 1/10000th the size","State how the radius of a nucleus compares with the radius of an atom.","It is less than 1/10 000 of the radius of the atom.","Wording"
"228","Edited","State the relative charge of a proton.","=+1","State the relative charge of a proton.","+1 (positive)","Typo"
"230","Edited","State the relative charge of an electron.","-1","State the relative charge of an electron.","−1 (negative)","Proper minus sign"
"233","Edited","State the relative mass of an electron.","1/1800","State the relative mass of an electron.","Very small (about 1/2000)","AQA wording"
"234","Edited","Describe the arrangement of electrons around the nucleus in an atom.","In energy levels (at fixed distances from the nucleus).","Describe the arrangement of electrons around the nucleus in an atom.","In energy levels (shells) at different distances from the nucleus.","Wording"
"235","Edited","How can electrons move to higher energy levels?","By absorbing electromagnetic radiation.","State how an electron can move to a higher energy level.","By absorbing electromagnetic radiation.","Wording"
"236","Edited","How can electrons move to lower energy levels?","By emitting electromagnetic radiation.","State how an electron can move to a lower energy level.","By emitting electromagnetic radiation.","Wording"
"714","New","","","Name the two types of particle found in the nucleus of an atom.","Protons and neutrons","New: fills a gap against the specification"
"237","Edited","State the overall charge of an atom.","0","State the overall charge of an atom.","Zero (atoms are neutral)","Wording"
"243","Edited","When an isotope of an element is formed, does the mass number or the atomic number change?","The mass number","State which is different for two isotopes of the same element: the mass number or the atomic number.","The mass number (the atomic number is the same)","Original question was unclear"
"244","Edited","Describe how ions form from atoms.","The atoms lose or gain electrons.","Describe how ions form from atoms.","Atoms lose or gain electrons (losing electrons forms positive ions).","Wording"
"715","New","","","An atom of carbon is written ¹⁴₆C. State what the numbers 14 and 6 represent.","14 is the mass number (protons + neutrons).
6 is the atomic number (protons).","New: fills a gap against the specification"
"716","New","","","State how to calculate the number of neutrons in an atom.","Number of neutrons = mass number − atomic number","New: fills a gap against the specification"
"717","New","","","State the type of ion formed when an atom loses one or more electrons.","A positive ion","New: fills a gap against the specification"
"247","Edited","Name the model of the atom after the discovery of the nucleus.","The nuclear model","Name the model of the atom that was proposed after the discovery of the nucleus.","The nuclear model","Wording"
"249","Edited","Describe what the alpha particle scattering experiment discovered about the nucleus.","The nucleus was small and positively charged.","State what the alpha particle scattering experiment showed about the nucleus.","The mass of the atom is concentrated in a very small nucleus, and the nucleus is positively charged.","Wording"
"250","Edited","Explain how the alpha particle scattering experiment proved that the nucleus was small.","Some alpha particles were scattered backwards, but only a very small number.","Explain how the alpha particle scattering experiment showed that the nucleus is very small.","Most alpha particles passed straight through the gold foil; only a very small number were scattered backwards.","'Proved' replaced; answer completed"
"251","Edited","Explain how the alpha particle scattering experiment proved that the nucleus was positively charged.","Alpha particles were deflected and some were scattered backwards due to the repulsion.","Explain how the alpha particle scattering experiment showed that the nucleus is positively charged.","Some of the positively charged alpha particles were deflected, and a few were scattered backwards, because they were repelled by the nucleus.","Wording"
"718","New","","","Before the electron was discovered, state what atoms were thought to be.","Tiny spheres that could not be divided.","New: fills a gap against the specification"
"719","New","","","In the alpha particle scattering experiment, most alpha particles passed straight through the gold foil. State what this showed.","Most of the atom is empty space.","New: fills a gap against the specification"
"720","New","","","Explain why the plum pudding model had to be replaced after the alpha particle scattering experiment.","It could not explain why some alpha particles were deflected through large angles; the new evidence needed a new model.","New: fills a gap against the specification"
"721","New","","","Name the scientist whose experiments provided the evidence for the neutron.","James Chadwick","New: fills a gap against the specification"
"722","New","","","Name the scientist who suggested that electrons orbit the nucleus at specific distances.","Niels Bohr","New: fills a gap against the specification"
"257","Edited","State where within an atom nuclear radiation is emitted from.","The nucleus","State which part of an atom nuclear radiation is emitted from.","The nucleus","Wording"
"259","Edited","Define radioactive decay.","When an unstable nucleus emits radiation to become more stable.","Define radioactive decay.","The random process in which an unstable nucleus emits radiation to become more stable.","Wording"
"260","Edited","Why is radioactive decay considered a random process?","The time in which a particular nucleus will decay cannot be predicted.","Why is radioactive decay considered a random process?","It is impossible to predict which nucleus will decay next, or when a particular nucleus will decay.","Wording"
"261","Edited","Define activity in the context of radioactive decay.","The number of decays per second.","Define activity in the context of radioactive decay.","The rate at which a source of unstable nuclei decays (the number of decays per second).","AQA wording"
"262","Edited","In the context of radioactive decay, state the standard units for activity.","Becquerels (Bq)","State the SI unit of activity.","Becquerel (Bq)","SI unit wording"
"263","Edited","Define count-rate in the context of radioactive decay.","The number of decays recorded per second by a detector.","Define count-rate in the context of radioactive decay.","The number of decays recorded each second by a detector (e.g. a Geiger–Müller tube).","Wording"
"264","Edited","Explain why the count-rate is always less than the activity.","Not all the radiation that is emitted is detected.","Explain why the count-rate is always less than the activity.","The detector picks up only some of the radiation emitted; the rest travels in other directions or is absorbed first.","Wording"
"265","Edited","Name the four types of nuclear radiation.","Alpha, beta, gamma and neutrons","Name the four types of nuclear radiation.","Alpha particles, beta particles, gamma rays and neutrons","Wording"
"267","Edited","State what an alpha particle is made of.","Two protons and two neutrons (a Helium nucleus)","State what an alpha particle is made of.","Two protons and two neutrons (the same as a helium nucleus)","Wording"
"268","Edited","State what a beta particle is made of.","A high speed electron","State what a beta particle is.","A high-speed electron (ejected from the nucleus)","Wording"
"269","Edited","State what a gamma ray is made of.","Electromagnetic radiation (a high energy wave)","State what a gamma ray is.","Electromagnetic radiation from the nucleus","Wording"
"270","Edited","Describe how a nucleus emits beta radiation if the nucleus has no electrons in it.","A neutron in the nucleus turns into a proton, emitting an electron in the process.","A nucleus contains no electrons. Describe how it can emit a beta particle.","A neutron in the nucleus turns into a proton and an electron; the electron is emitted at high speed.","Wording"
"274","Edited","State the range of beta radiation in air.","Around a metre","State the range of beta radiation in air.","About a metre","Wording"
"275","Edited","State the range of gamma radiation in air.","Many kilometres","State the range of gamma radiation in air.","A very long distance (it spreads out and gets weaker, but is hardly absorbed by air)","'Many kilometres' is not a standard answer"
"276","Edited","Name the type of ionising radiation that can be stopped by paper.","Alpha radiation","Name the type of ionising radiation that can be stopped by a sheet of paper.","Alpha radiation","Wording"
"277","Edited","Name the two types of ionising radiation that can be stopped by thin aluminium.","Alpha radiation and beta radiation","Name the two types of ionising radiation that can be stopped by a few millimetres of aluminium.","Alpha radiation and beta radiation","Wording"
"278","Edited","State the material needed to stop gamma radiation.","Thick lead or concrete","State what is needed to absorb most gamma radiation.","Several centimetres of lead (or metres of concrete)","Wording"
"723","New","","","Name a detector used to measure the count rate from a radioactive source.","A Geiger–Müller tube","New: fills a gap against the specification"
"724","New","","","State the relative charges of an alpha particle, a beta particle and a gamma ray.","Alpha: +2
Beta: −1
Gamma: 0 (no charge)","New: fills a gap against the specification"
"282","Edited","Explain why gamma ray emission does not change the mass number or atomic number.","There is no change to the nucleus.","Explain why emitting a gamma ray does not change the mass number or atomic number of a nucleus.","A gamma ray is an electromagnetic wave with no mass and no charge; the nucleus only loses energy.","Physics corrected: the nucleus does change (it loses energy)"
"725","New","","","State the symbol used for an alpha particle in a nuclear equation.","⁴₂He","New: fills a gap against the specification"
"726","New","","","State the symbol used for a beta particle in a nuclear equation.","⁰₋₁e","New: fills a gap against the specification"
"727","New","","","State the two quantities that must balance on each side of a nuclear equation.","The total mass number and the total atomic number (charge).","New: fills a gap against the specification"
"728","New","","","State what happens to the element when a nucleus emits an alpha or a beta particle.","It becomes a different element, because the number of protons (the atomic number) changes.","New: fills a gap against the specification"
"283","Edited","Define half-life in terms of activity.","The time it takes for the activity of a sample to halve.","Define half-life in terms of activity.","The time it takes for the activity (or count rate) of a sample to fall to half its initial value.","Wording"
"637","New","","","Define half-life in terms of the number of nuclei.","The time it takes for the number of nuclei of the isotope in a sample to halve.","New: the second specification definition of half-life"
"284","Edited","Describe what happens to the half-life of a radioactive sample over time.","Nothing, it stays constant forever.","Describe what happens to the half-life of a radioactive isotope as time passes.","Nothing: the half-life of an isotope is constant.","Wording"
"729","New","","","State the fraction of the original radioactive nuclei that remains after two half-lives.","One quarter (¼)","New: fills a gap against the specification"
"730","New","","","State the fraction of the original radioactive nuclei that remains after three half-lives.","One eighth (⅛)","New: fills a gap against the specification"
"731","New","","","Describe how to find the half-life from a graph of activity against time.","Find the time taken for the activity to fall to half of its starting value, reading from the time axis.","New: fills a gap against the specification"
"287","Edited","Define radioactive contamination.","The unwanted presence of materials containing radioactive atoms on other materials.","Define radioactive contamination.","The unwanted presence of materials containing radioactive atoms on (or in) other materials.","Wording"
"288","Edited","Explain why radioactive contamination is dangerous.","The contaminating radioactive atoms will decay, leading to irradiation.","Explain why radioactive contamination is dangerous.","The contaminating atoms decay and emit radiation, so the object (or person) is irradiated for as long as the contamination remains.","Wording"
"289","Edited","Define irradiation.","The process of exposing an object to nuclear radiation.","Define irradiation.","The process of exposing an object to nuclear radiation.","Wording"
"290","Edited","Explain why irradiation is dangerous.","Exposure to radiation can lead to ionisation events.","Explain why irradiation is dangerous.","The radiation can ionise atoms in living cells, damaging or killing the cells (which may lead to cancer).","Answer completed"
"291","Edited","State whether irradiated objects become radioactive.","No, because their nuclei do not become unstable.","State whether irradiated objects become radioactive.","No. Irradiation does not make the nuclei of the object unstable.","Wording"
"732","New","","","Give three precautions that protect people against irradiation.","Use shielding (e.g. lead), keep as far from the source as possible (e.g. use tongs), and keep the exposure time short.","New: fills a gap against the specification"
"733","New","","","Explain why contamination by an alpha source inside the body is especially dangerous.","Alpha radiation is strongly ionising and is absorbed by the nearby cells, damaging them.","New: fills a gap against the specification"
"734","New","","","State what the hazard from radioactive contamination depends on.","The type of radiation emitted.","New: fills a gap against the specification"
"735","New","","","Explain why studies into the effects of radiation on humans should be published.","So that the findings can be shared with other scientists and checked by peer review.","New: fills a gap against the specification"
"292","Edited","Define background radiation.","The level of radiation that is present all the time.","Define background radiation.","Radiation that is around us all the time, from natural and human-made sources.","Wording"
"293","Edited","Name two natural sources of background radiation.","Rocks and cosmic rays from space","Name two natural sources of background radiation.","Rocks (e.g. radon gas from granite) and cosmic rays from space","Wording"
"295","Edited","Define radiation dose.","The amount of radiation that a person has been exposed to.","Define radiation dose.","A measure of the risk of harm from exposing the body to radiation (measured in sieverts, Sv).","AQA wording"
"296","Edited","If the half-life of a radioactive element is short, explain why this might be hazardous.","Lots of decays happen in a short space of time, so lots of radiation is emitted in a short space of time.","Explain why a radioactive isotope with a short half-life can be very hazardous at first.","Its nuclei decay quickly, so the activity is very high and a lot of radiation is emitted in a short time.","Wording"
"297","Edited","Give two uses of nuclear radiation in medicine.","Exploration of internal organs and control/destruction of unwanted tissue","Give two uses of nuclear radiation in medicine.","Exploring internal organs (e.g. medical tracers), and controlling or destroying unwanted tissue (e.g. radiotherapy)","Wording"
"298","Edited","Explain why alpha radiation is not suitable for exploring internal organs.","It won't penetrate through the body so cannot be detected.","Explain why alpha radiation is not suitable for exploring internal organs.","It cannot pass out through the body to be detected, and it is strongly ionising so it would damage cells inside the body.","Answer completed"
"736","New","","","State the unit of radiation dose.","Sievert (Sv)","New: fills a gap against the specification"
"737","New","","","State how many millisieverts (mSv) are equal to 1 sievert (Sv).","1000 mSv","New: fills a gap against the specification"
"738","New","","","Give two things that can affect the background radiation dose a person receives.","Their occupation and their location.","New: fills a gap against the specification"
"739","New","","","Explain why a medical tracer should have a short half-life.","Its activity falls quickly, which limits the radiation dose to the patient.","New: fills a gap against the specification"
"740","New","","","Explain why a medical tracer should emit gamma radiation.","Gamma radiation passes out of the body to be detected, and it is only weakly ionising so it does little damage.","New: fills a gap against the specification"
"299","Edited","Define nuclear fission.","The splitting of a large and unstable nucleus.","Define nuclear fission.","The splitting of a large, unstable nucleus into two smaller nuclei.","Wording"
"300","Edited","Give two examples of elements that can undergo nuclear fission.","Plutonium and uranium","Give two examples of elements that can undergo nuclear fission.","Uranium and plutonium","Wording"
"301","Edited","Define spontaneous fission.","Nuclear fission that happens by itself.","Define spontaneous fission.","Fission that happens without the nucleus first absorbing a neutron (this is rare).","Wording"
"302","Edited","Describe how nuclear fission can be made to happen.","By getting an unstable nucleus to absorb a neutron.","Describe what usually has to happen before a nucleus undergoes fission.","The unstable nucleus must absorb a neutron.","Wording"
"303","Edited","During nuclear fission, what does a nucleus split up into?","Two smaller nuclei, two or three neutrons, and gamma rays","During nuclear fission, what does a nucleus split up into?","Two smaller nuclei of roughly equal size, plus two or three neutrons and gamma rays","Wording"
"304","Edited","In the context of nuclear fission, define chain reaction.","The neutrons released by one fission may induce fission in multiple other nuclei, releasing yet more neutrons and inducing more fission.","In the context of nuclear fission, define chain reaction.","The neutrons released by one fission are absorbed by other nuclei, which then split and release more neutrons, and so on.","Wording"
"307","Edited","During nuclear fusion, some mass is lost. State what this mass is turned into.","Energy","During nuclear fusion, some mass is lost. State what this mass is turned into.","Energy (it is transferred as the energy of radiation)","AQA wording"
"741","New","","","State the type of energy store that all fission products have.","Kinetic energy","New: fills a gap against the specification"
"742","New","","","State the difference between the chain reaction in a nuclear reactor and the one in a nuclear weapon.","In a reactor the chain reaction is controlled, to control the energy released.
In a weapon it is uncontrolled, causing an explosion.","New: fills a gap against the specification"
"743","New","","","Name the process that releases energy in stars.","Nuclear fusion","New: fills a gap against the specification"
"308","Edited","Define scalar quantity.","Something measured that only has a magnitude.","Define a scalar quantity.","A quantity that has magnitude (size) only.","Wording"
"309","Edited","Give three examples of scalar quantities.","Energy, time, mass, distance, speed","Give three examples of scalar quantities.","Any three from: energy, time, mass, distance, speed, temperature","Wording"
"310","Edited","Define vector quantity.","Something measured that has both a magnitude and direction.","Define a vector quantity.","A quantity that has both magnitude and direction.","Wording"
"311","Edited","Give three examples of vector quantities.","Force, displacement, velocity, momentum","Give three examples of vector quantities.","Any three from: force, displacement, velocity, acceleration, momentum","Wording"
"312","Edited","State how a vector is represented on a diagram.","With an arrow.","State how a vector is represented on a diagram.","By an arrow.","Wording"
"313","Edited","Explain why vectors are represented as arrows.","They have both a magnitude and direction.","Explain why an arrow is a suitable way to represent a vector.","The length of the arrow shows the magnitude and the direction of the arrow shows the direction of the vector.","Wording"
"314","Edited","What causes forces?","An interaction between two objects.","State what a force is.","A push or pull that acts on an object due to an interaction with another object.","AQA wording"
"315","Edited","Define contact force.","When two interacting objects have to physically touch to interact.","Define a contact force.","A force that acts only when the two objects are physically touching.","Wording"
"316","Edited","Give three examples of contact forces.","Friction, air resistance, tension, normal contact force","Give three examples of contact forces.","Any three from: friction, air resistance, tension, normal contact force","Wording"
"317","Edited","Define non-contact force.","When two interacting objects do not have to physically touch to interact.","Define a non-contact force.","A force that acts even when the objects are physically separated.","Wording"
"319","Edited","When a force arises between two objects, state which of the two interacting objects experiences this force.","Both of the objects experience the force, equal in magnitude, but opposite in direction.","When two objects interact, state which of them experiences a force.","Both: each exerts a force on the other, equal in size and opposite in direction.","Wording"
"320","Edited","Define weight.","The force acting on an object due to it being pulled by gravity.","Define weight.","The force acting on an object due to gravity.","Wording"
"321","Edited","State why objects experience weight on Earth.","Earth has a gravitational field around it.","State why objects experience weight on Earth.","There is a gravitational field around the Earth, which attracts the object.","Wording"
"323","Edited","Does an object's mass change in different parts of the Universe?","No, it stays the same everywhere.","Does the mass of an object change if it is moved to a different place in the Universe?","No, it stays the same everywhere.","Wording"
"324","Edited","Does an object's weight change in different parts of the Universe?","Yes, because gravitational field strength varies throughout the Universe.","Does the weight of an object change if it is moved to a different place in the Universe?","Yes, because the gravitational field strength is different in different places.","Wording"
"325","Edited","State the standard units for weight.","Newtons (N)","State the SI unit of weight.","Newton (N)","SI unit wording"
"326","Edited","State the standard units for mass.","Kilograms (kg)","State the SI unit of mass.","Kilogram (kg)","SI unit wording"
"327","Edited","State the standard units for gravitational field strength.","Newtons per kilogram (N/kg)","State the SI unit of gravitational field strength.","Newton per kilogram (N/kg)","SI unit wording"
"328","Edited","Give the specific mathematical relationship between weight and mass.","Weight is directly proportional to mass.","State the mathematical relationship between weight and mass.","Weight is directly proportional to mass (W ∝ m).","Wording"
"329","Edited","Identify this symbol: ∝.","Directly proportional","State the meaning of this symbol: ∝","Is directly proportional to","Wording"
"330","Edited","Describe the relationship between the mass of an object and its weight.","As the mass of an object increases, its weight increases.","Describe the relationship between the mass of an object and its weight.","As mass increases, weight increases in direct proportion (doubling the mass doubles the weight).","Wording"
"331","Edited","Define the centre of mass of an object.","The imaginary point that the force of the object's weight seems to act through.","Define the centre of mass of an object.","The single point at which the weight of the object can be considered to act.","AQA wording"
"744","New","","","In words, state the equation that links weight, mass and gravitational field strength.","weight = mass × gravitational field strength
(W = m g)","New: fills a gap against the specification"
"745","New","","","Name the instrument used to measure weight.","A calibrated spring balance (a newtonmeter)","New: fills a gap against the specification"
"746","New","","","State the gravitational field strength at the surface of the Earth.","About 9.8 N/kg","New: fills a gap against the specification"
"334","Edited","If two forces act in the same direction, describe how the size of the resultant force is calculated.","The size of the resultant force will be the sum of the two individual forces.","If two forces act in the same direction, describe how the size of the resultant force is calculated.","Add the two forces together.","Wording"
"335","Edited","If two forces act in opposite directions and one force is larger, describe how the direction of the resultant force is established.","It will be the direction of the larger magnitude force.","If two forces act in opposite directions and one force is larger, describe how the direction of the resultant force is established.","It is in the same direction as the larger force.","Wording"
"336","Edited","If two forces on an object act in opposite directions, describe how the size of the resultant force is calculated.","By subtracting the forces from each other.","If two forces on an object act in opposite directions, describe how the size of the resultant force is calculated.","Subtract the smaller force from the larger force.","Wording"
"337","Edited","If the forces on an object are balanced, give the resultant force.","0 N","If the forces on an object are balanced, give the resultant force.","Zero (0 N)","Wording"
"338","Edited","State the standard units for work done.","Joules (J)","State the SI unit of work done.","Joule (J)","SI unit wording"
"339","Edited","State the standard units for force.","Newtons (N)","State the SI unit of force.","Newton (N)","SI unit wording"
"340","Edited","State the standard units for distance.","Metres (m)","State the SI unit of distance.","Metre (m)","SI unit wording"
"341","Edited","Give an equivalent unit for 1 J of work done.","1 J = 1 Nm (newton-metre)","State a unit that is equivalent to 1 J of work done.","1 N m (one newton-metre)","Wording"
"343","Edited","Describe the relationship between the work done against frictional forces on an object and the temperature of the object.","As the work done increases, the temperature increases.","Describe the relationship between the work done against frictional forces on an object and the temperature of the object.","As more work is done against friction, the temperature of the object rises.","Wording"
"747","New","","","In words, state the equation that links work done, force and distance.","work done = force × distance moved along the line of action of the force
(W = F s)","New: fills a gap against the specification"
"748","New","","","State how much work is done when a force of 1 N moves an object through 1 m.","1 J","New: fills a gap against the specification"
"749","New","","","Describe what a free body diagram shows.","All the forces acting on a single object, drawn as arrows that show their sizes and directions.","New: fills a gap against the specification"
"750","New","","","State what is meant by resolving a force.","Splitting it into two components at right angles to each other that together have the same effect as the single force.","New: fills a gap against the specification"
"347","Edited","State the specific mathematical relationship between the force applied to a spring and the extension of the spring.","Directly proportional","State the mathematical relationship between the force applied to a spring and its extension (below the limit of proportionality).","The extension is directly proportional to the force.","Wording"
"349","Edited","Define the limit of proportionality of an elastic object.","The maximum extension after which the elastic object no longer returns to its original shape and size after the applied forces are removed.","Define the limit of proportionality of an elastic object.","The point beyond which the extension is no longer directly proportional to the force applied.","Physics corrected: original answer described the elastic limit"
"350","Edited","Identify the letter which shows the limit of proportionality of this elastic object.","C","Identify the letter that shows the limit of proportionality on this force–extension graph.","C","Refers to the new diagram"
"351","Edited","State the standard units for force.","Newtons (N)","State the SI unit of force.","Newton (N)","SI unit wording"
"352","Edited","State the standard units for spring constant.","Newtons per metre (N/m)","State the SI unit of spring constant.","Newton per metre (N/m)","SI unit wording"
"353","Edited","Define spring constant.","The force required to extend (or compress) an elastic object by 1 m.","Define spring constant.","The force needed per unit extension: the force required to stretch (or compress) the spring by 1 m.","Wording"
"354","Edited","State the standard units for extension.","Metres (m)","State the SI unit of extension.","Metre (m)","SI unit wording"
"355","Edited","State how the extension of an elastic object is calculated.","new length - original length","State how the extension of an elastic object is calculated.","Extension = stretched length − original length","Wording"
"357","Edited","On a graph of force (on y-axis) against extension (on x-axis), describe how the spring constant can be calculated.","From the gradient.","On a graph of force (on y-axis) against extension (on x-axis), describe how the spring constant can be calculated.","It is the gradient of the straight-line section.","Wording"
"358","Edited","On a graph of extension (on y-axis) against force (on x-axis), describe how the the spring constant can be calculated.","From the gradient, where spring constant = 1/gradient","On a graph of extension (on y-axis) against force (on x-axis), describe how the spring constant can be calculated.","Spring constant = 1 ÷ gradient of the straight-line section","Typo"
"359","Edited","State the standard units for elastic potential energy.","Joules (J)","State the SI unit of elastic potential energy.","Joule (J)","SI unit wording"
"360","Removed","State the standard units for extension.","Metres (m)","","","Duplicate of 354 in the same topic."
"751","New","","","In words, state the equation that links force, spring constant and extension.","force = spring constant × extension
(F = k e)","New: fills a gap against the specification"
"752","New","","","Explain why more than one force is needed to stretch, bend or compress a stationary object.","A single force would simply make the object move (change its motion) instead of changing its shape.","New: fills a gap against the specification"
"753","New","","","State how the work done in stretching a spring compares with the elastic potential energy stored in it.","They are equal, provided the spring is not inelastically deformed.","New: fills a gap against the specification"
"754","New","","","State how a linear and a non-linear relationship appear on a force–extension graph.","Linear: a straight line.
Non-linear: a curve.","New: fills a gap against the specification"
"363","Edited","State what the extension of a spring should be when zero force is applied.","0 m","State what the extension of a spring should be when zero force is applied.","Zero (0 m)","Wording"
"364","Edited","Describe how a mass is converted into a weight.","By using the equation for weight and multiplying the mass by the gravitational field strength the mass is in.","Describe how the mass hung on a spring is converted into a weight (force).","Multiply the mass in kg by the gravitational field strength (W = m g, with g = 9.8 N/kg on Earth).","Wording"
"365","Removed","A student wants to measure how the force applied to a piece of elastic affects the extension. Outline a method to do this. Ensure the method would lead to valid results.","Suspend the piece of elastic from a horizontal support. Measure the initial length of the piece of elastic. Exert a force on the elastic by attaching one slot mass to the elastic. Measure the new length of the piece of elastic. Calculate the extension by subtracting the initial length from the new length. Add more masses and repeat.","","","Removed: long method answer, not quick recall"
"366","Edited","Rather than measure the extension of the piece of elastic, the student measures the whole length each time. Name the sort of error that will result from this.","A systematic error, all the results for extension will be too large.","Rather than calculate the extension of the spring, the student records the whole length each time. Name the type of error this causes.","A systematic error: every value of extension is too large (by the original length).","Wording"
"367","Edited","When the force on a spring is doubled, state the expected effect on the extension of the spring.","It should double.","When the force on a spring is doubled, state the expected effect on the extension of the spring.","It doubles (provided the limit of proportionality is not exceeded).","Wording"
"369","Edited","Give the name for the turning effect of a force.","The moment of a force","Give the name for the turning effect of a force.","A moment","Wording"
"370","Edited","When calculating the moment of a force, describe how the distance is measured.","The perpendicular distance from the pivot to the line of action.","When calculating the moment of a force, describe how the distance is measured.","It is the perpendicular distance from the pivot to the line of action of the force.","Wording"
"371","Edited","If the clockwise moment about a pivot is equal to the anticlockwise moment about the pivot, state what can be deduced about the object.","The object is balanced.","If the clockwise moment about a pivot is equal to the anticlockwise moment about the pivot, state what can be deduced about the object.","The object is balanced (in equilibrium): it will not start to turn.","Wording"
"372","Edited","Explain how a lever can reduce the force needed to turn something.","By increasing the distance to the pivot, the same moment can be produced with a smaller force.","Explain how a lever can reduce the force needed to turn something.","Applying the force further from the pivot gives the same moment with a smaller force (moment = force × distance).","Wording"
"755","New","","","In words, state the equation that links the moment of a force, the force and distance.","moment = force × perpendicular distance from the pivot to the line of action of the force
(M = F d)","New: fills a gap against the specification"
"756","New","","","State the SI unit of the moment of a force.","Newton-metre (N m)","New: fills a gap against the specification"
"757","New","","","State the principle of moments for a balanced object.","The total clockwise moment about the pivot equals the total anticlockwise moment about the pivot.","New: fills a gap against the specification"
"758","New","","","A small gear drives a larger gear. State the effect on the speed of rotation and on the moment.","The larger gear turns more slowly but with a bigger moment (turning effect).","New: fills a gap against the specification"
"376","Edited","Describe what causes pressure in a fluid.","Collisions of the particles in the fluid with the walls of the container.","Describe what causes pressure in a fluid.","The particles of the fluid colliding with surfaces (e.g. the walls of the container).","Wording"
"377","Edited","A fluid exerts a force on its container. State the direction of the force.","Perpendicular to the surface of the container.","A fluid exerts a force on its container. State the direction of the force.","At right angles (normal) to the surface.","Wording"
"379","Edited","State the standard units for pressure.","Pascals (Pa)","State the SI unit of pressure.","Pascal (Pa)","SI unit wording"
"382","Edited","Explain what causes upthrust.","A submerged object experiences a greater pressure on the bottom surface compared to the top surface.","Explain what causes upthrust.","Pressure in a liquid increases with depth, so the pressure on the bottom of a submerged object is greater than the pressure on the top. This gives a resultant upward force.","Answer completed"
"383","Edited","Define atmosphere.","A thin layer of air around Earth.","Describe the Earth's atmosphere.","A thin layer of air around the Earth (thin compared with the size of the Earth).","Wording"
"385","Edited","Give the cause of atmospheric pressure.","Air molecules colliding with surfaces.","Give the cause of atmospheric pressure.","Air molecules colliding with a surface.","Wording"
"759","New","","","State the equation for the pressure due to a column of liquid.","pressure = height of the column × density of the liquid × gravitational field strength
(p = h ρ g)","New: fills a gap against the specification"
"760","New","","","Explain why the pressure in a liquid increases with depth.","The deeper you go, the greater the weight of liquid above.","New: fills a gap against the specification"
"761","New","","","State the condition for an object to float.","The upthrust is equal to the weight of the object.","New: fills a gap against the specification"
"762","New","","","State when an object placed in a liquid will sink.","When its weight is greater than the upthrust.","New: fills a gap against the specification"
"763","New","","","Explain why atmospheric pressure decreases as height increases.","There are fewer air molecules above (a smaller weight of air above), so there are fewer collisions with each unit of area.","New: fills a gap against the specification"
"387","Edited","Define distance.","How far an object has moved.","Define distance.","How far an object moves (it is a scalar: it has no direction).","Wording"
"388","Edited","Define displacement.","The distance and direction of an end point compared to the start point .","Define displacement.","The distance in a straight line from the start point to the finish point, together with the direction of that line.","AQA wording"
"391","Edited","Give the typical values for human walking speed, running speed and cycling speed.","Walking speed: 1.5 m/s Running speed: 3 m/s Cycling speed: 6 m/s","State typical values for walking speed, running speed and cycling speed.","Walking: 1.5 m/s
Running: 3 m/s
Cycling: 6 m/s","Line breaks restored / set out as steps"
"392","Edited","Give the typical value for the speed of sound in air.","330 m/s","State a typical value for the speed of sound in air.","330 m/s","Wording"
"393","Edited","Define velocity.","The speed of an object in a given direction .","Define velocity.","The speed of an object in a given direction.","Typo"
"394","Edited","An object is moving on a curved path. Describe its speed and velocity.","Speed: could be constant. Velocity: cannot be constant as the direction is changing.","An object is moving along a curved path. Describe its speed and its velocity.","Speed: can be constant.
Velocity: is changing, because the direction of motion is changing.","Line breaks restored / set out as steps"
"396","Edited","Describe what acceleration looks like on a distance-time graph.","A line with a changing gradient.","Describe what acceleration looks like on a distance-time graph.","A curve (the gradient of the line is changing).","Wording"
"764","New","","","In words, state the equation that links distance travelled, speed and time.","distance travelled = speed × time
(s = v t)","New: fills a gap against the specification"
"765","New","","","Give three factors that affect the speed at which a person walks, runs or cycles.","Any three from: age, fitness, terrain, distance travelled","New: fills a gap against the specification"
"766","New","","","State typical speeds for a car on a main road, a train and an aeroplane.","Car: about 25 m/s
Train: about 50 m/s
Aeroplane: about 250 m/s","New: fills a gap against the specification"
"767","New","","","State what a horizontal line on a distance–time graph shows.","The object is stationary.","New: fills a gap against the specification"
"768","New","","","Describe how to find the speed of an accelerating object at a particular time from its distance–time graph.","Draw a tangent to the curve at that time and calculate the gradient of the tangent.","New: fills a gap against the specification"
"397","Edited","State the standard units for acceleration.","Metres per second squared (m/s²)","State the SI unit of acceleration.","Metre per second squared (m/s²)","SI unit wording"
"399","Edited","State what is represented by the area underneath a velocity-time graph.","Distance travelled","State what is represented by the area underneath a velocity-time graph.","The distance travelled (or displacement)","Wording"
"400","Edited","Give the acceleration of an object when it falls close to the Earth's surface.","9.8 m/s²","State the acceleration of an object falling freely near the Earth's surface.","About 9.8 m/s²","Wording"
"401","Edited","Define terminal velocity.","The speed that a falling object reaches when the resistive forces balance its own weight.","Define terminal velocity.","The constant velocity reached by a falling object when the resistive forces equal its weight, so the resultant force is zero.","Wording"
"769","New","","","In words, state the equation that links acceleration, change in velocity and time taken.","acceleration = change in velocity ÷ time taken
(a = Δv ÷ t)","New: fills a gap against the specification"
"770","New","","","State the equation for uniform acceleration that links final velocity, initial velocity, acceleration and distance.","(final velocity)² − (initial velocity)² = 2 × acceleration × distance
(v² − u² = 2 a s)","New: fills a gap against the specification"
"771","New","","","State what a negative acceleration means.","The object is slowing down (decelerating).","New: fills a gap against the specification"
"772","New","","","State what a horizontal line on a velocity–time graph shows.","The object is moving at a constant velocity.","New: fills a gap against the specification"
"773","New","","","State what a straight, sloping line on a velocity–time graph shows.","A constant acceleration (or deceleration).","New: fills a gap against the specification"
"402","Edited","State Newton's first law.","When the resultant force acting on an object is zero, there is no change to the object's motion.","State Newton's first law.","If the resultant force on an object is zero, a stationary object stays stationary and a moving object keeps moving at the same velocity.","AQA wording"
"403","Edited","If an object is travelled at a constant velocity, is there a resultant force acting on it?","No","If an object is travelling at a constant velocity, is there a resultant force acting on it?","No (the resultant force is zero)","Typo"
"404","Edited","Define intertia.","The tendency of objects to continue in their state of rest or uniform motion.","Define inertia.","The tendency of an object to continue in its state of rest or of uniform motion.","Typo"
"405","Edited","State Newton's second law.","When a resultant force acts on an object, the object accelerates.","State Newton's second law.","The acceleration of an object is directly proportional to the resultant force acting on it and inversely proportional to its mass (F = m a).","Physics corrected: original answer was incomplete"
"407","Edited","Define intertial mass.","A measure of how difficult it is to change the velocity of an object.","Define inertial mass.","A measure of how difficult it is to change the velocity of an object (the ratio of force to acceleration).","Typo"
"409","Edited","State Newton's third Law.","When two objects interact, the forces exerted on one another are equal in size and opposite in direction.","State Newton's third law.","Whenever two objects interact, the forces they exert on each other are equal in size and opposite in direction.","Wording"
"775","New","","","In words, state the equation that links resultant force, mass and acceleration.","resultant force = mass × acceleration
(F = m a)","New: fills a gap against the specification"
"776","New","","","For a constant resultant force, state the mathematical relationship between acceleration and mass.","Acceleration is inversely proportional to mass.","New: fills a gap against the specification"
"777","New","","","A car travels along a straight road at a steady speed. State what can be said about the driving force and the resistive forces.","They are balanced (equal in size and opposite in direction).","New: fills a gap against the specification"
"778","New","","","State the meaning of this symbol: ~","Approximately (it shows an approximate value)","New: fills a gap against the specification"
"779","New","","","Give an example of Newton's third law.","For example: when you push on a wall, the wall pushes back on you with an equal force in the opposite direction.","New: fills a gap against the specification"
"412","Edited","When investigating how the force on a car affects its acceleration, name the variables that need to be controlled.","Mass of the car and surface the car is travelling on","When investigating how the force on a car affects its acceleration, name the variables that need to be controlled.","The total mass being accelerated and the surface the car travels on (friction)","Wording"
"413","Removed","A student wants to measure how the force applied to a toy car affects its acceleration. Outline a method to do this. Ensure the method would lead to valid results.","Attach a string to the toy car with some masses attached to the other end. Place the string over a pulley so the masses hang over the edge of a table with the car resting on the table. Mark out 20 cm distances along the path that the car will take. Set a camera to record a video of the car and release the masses so that the car accelerates. Using timings from the video, calculate the speed of the car over the first 20 cm, the speed of the car over the last 20 cm and the time between the first 20 cm and last 20 cm. Use the acceleration equation to calculate the acceleration. Increase the force by adding more masses to those hanging over the edge of the table and repeat.","","","Removed: long method answer, not quick recall"
"414","Edited","When the force on a car is doubled, state the expected effect on the acceleration of the car.","It should double.","When the force on a car is doubled, state the expected effect on the acceleration of the car.","It doubles (acceleration is directly proportional to force).","Wording"
"417","Edited","When investigating how the mass of a car affects its acceleration, name the variables that need to be controlled.","Force applied and surface the car is travelling on","When investigating how the mass of a car affects its acceleration, name the variables that need to be controlled.","The force applied (the hanging mass) and the surface the car travels on","Wording"
"418","Removed","A student wants to measure how the mass of a toy car affects its acceleration. Outline a method to do this. Ensure the method would lead to valid results.","Attach a string to the toy car with some masses attached to the other end. Place the string over a pulley so the masses hang over the edge of a table with the car resting on the table. Mark out 20 cm distances along the path that the car will take. Set a camera to record a video of the car and release the masses so that the car accelerates. Using timings from the video, calculate the speed of the car over the first 20 cm, the speed of the car over the last 20 cm and the time between the first 20 cm and last 20 cm. Use the acceleration equation to calculate the acceleration. Increase the mass of the car by adding more masses directly to the car, and repeat.","","","Removed: long method answer, not quick recall"
"419","Edited","Define stopping distance of a vehicle.","The sum of the thinking distance and braking distance.","Define the stopping distance of a vehicle.","The total distance travelled while stopping: thinking distance + braking distance.","Wording"
"420","Edited","Define thinking distance of a vehicle.","The distance a vehicle moves without changing speed during the driver's reaction time.","Define the thinking distance of a vehicle.","The distance the vehicle travels during the driver's reaction time.","Wording"
"421","Edited","Define braking distance of a vehicle.","The distance a vehicle moves whilst the brakes are slowing the vehicle to stationary.","Define the braking distance of a vehicle.","The distance the vehicle travels under the braking force, from when the brakes are applied until it stops.","Wording"
"425","Edited","Give four factors that can affect the braking distance of a vehicle.","Speed, weather conditions, road conditions and condition of brakes or tyres","Give four factors that can affect the braking distance of a vehicle.","Speed, wet or icy roads, worn tyres and worn brakes","Wording"
"426","Edited","Describe the changes in energy stores that occur when a vehicle brakes.","The kinetic energy store of the vehicle decreases. The thermal energy store of the brakes and environment increase.","Describe the changes in energy stores that occur when a vehicle brakes.","Work done by friction in the brakes decreases the kinetic energy store of the vehicle and increases the thermal energy store of the brakes (their temperature rises).","Wording"
"428","Edited","Give two negative impacts that a vehicle can experience due to a large deceleration.","Overheating of brakes or loss of control of the vehicle","Give two dangers of a very large deceleration.","The brakes may overheat, and the driver may lose control of the vehicle.","Wording"
"780","New","","","Describe a simple method to measure a person's reaction time.","One person drops a ruler between the fingers of another, who catches it as quickly as possible. The distance the ruler falls is used to find the reaction time.","New: fills a gap against the specification"
"781","New","","","Explain why the braking distance increases as the speed of a vehicle increases.","The vehicle has more kinetic energy, so the brakes must do more work to stop it: for the same braking force, this takes a greater distance.","New: fills a gap against the specification"
"429","Edited","State the standard units for momentum.","Kilogram metres per second (kgm/s)","State the SI unit of momentum.","Kilogram metre per second (kg m/s)","SI unit wording"
"430","Edited","Define conservation of momentum.","Total momentum before an event equals the total momentum after the event.","State the law of conservation of momentum.","In a closed system, the total momentum before an event is equal to the total momentum after the event.","'Closed system' added"
"431","Edited","State how the momentum of an object can be changed.","When a resultant force acts on the object.","State how the momentum of an object can be changed.","By a resultant force acting on it.","Wording"
"432","Edited","Give the definition of force that links it to momentum.","Force is the rate of change of momentum.","Give the definition of force that links it to momentum.","Force equals the rate of change of momentum.","Wording"
"782","New","","","In words, state the equation that links momentum, mass and velocity.","momentum = mass × velocity
(p = m v)","New: fills a gap against the specification"
"783","New","","","State whether momentum is a scalar or a vector quantity.","A vector (it has a direction).","New: fills a gap against the specification"
"784","New","","","State the momentum of a stationary object.","Zero","New: fills a gap against the specification"
"785","New","","","State the equation that links force, change in momentum and time.","force = change in momentum ÷ time taken
(F = m Δv ÷ Δt)","New: fills a gap against the specification"
"434","Edited","What do waves transfer from one place to another?","Energy","What do waves transfer from one place to another?","Energy (and information)","Wording"
"435","Edited","What do waves not transfer from one place to another?","Particles/matter","What do waves not transfer from one place to another?","Matter (the particles of the medium)","Wording"
"437","Edited","State the name give to a repeated back and forth motion or a repeated increase and decrease.","An oscillation","State the name given to a repeated back-and-forth motion.","An oscillation (or vibration)","Typo"
"438","Edited","State what oscillates in a water wave.","The particles in the water","State what oscillates in a water wave.","The water (its particles move up and down)","Wording"
"440","Edited","State what oscillates in a light wave.","The electromagnetic field","State what oscillates in a light wave.","Electric and magnetic fields","Wording"
"441","Edited","Name the two types of waves.","Transverse waves and longitudinal waves","Name the two types of wave.","Transverse waves and longitudinal waves","Wording"
"442","Edited","Define transverse wave.","A wave where the oscillation is perpendicular to the direction of energy transfer.","Define a transverse wave.","A wave in which the oscillations are perpendicular to the direction of energy transfer.","Wording"
"443","Edited","Define longitudinal wave.","A wave where the oscillation is parallel to the direction of energy transfer.","Define a longitudinal wave.","A wave in which the oscillations are parallel to the direction of energy transfer.","Wording"
"446","Edited","In this longitudinal wave, state what the letters A and B represent.","A - a compression B - a rarefaction","In this diagram of a longitudinal wave, state what the labels A and B represent.","A: a compression
B: a rarefaction","Line breaks restored / set out as steps; Diagram added"
"786","New","","","Give an example of a transverse wave.","Ripples on the surface of water (or any electromagnetic wave, such as light).","New: fills a gap against the specification"
"787","New","","","Give an example of a longitudinal wave.","Sound waves travelling through air.","New: fills a gap against the specification"
"788","New","","","Describe evidence that, for ripples on water, it is the wave and not the water that travels.","A floating object bobs up and down as the ripples pass, but it is not carried along with them.","New: fills a gap against the specification"
"447","Edited","In this transverse wave, state what the letters A, B, C, D and E represent.","A - amplitude B - wavelength C - peak D - trough E - line of equilibrium","In this diagram of a transverse wave, state what the labels A to E represent.","A: amplitude
B: wavelength
C: peak (crest)
D: trough
E: rest (equilibrium) position","Line breaks restored / set out as steps; Diagram added"
"448","Edited","Define wavelength.","The distance from one point on a wave to the same point on the next wave.","Define wavelength.","The distance from a point on one wave to the equivalent point on the next wave.","AQA wording"
"449","Edited","Define frequency.","The number of waves passing a point per second.","Define frequency.","The number of waves passing a point each second.","Wording"
"450","Edited","State the standard units for frequency.","Hertz (Hz)","State the SI unit of frequency.","Hertz (Hz)","SI unit wording"
"451","Edited","Define time period.","The time it takes for one complete wave to pass by a point.","Define the period of a wave.","The time for one complete wave to pass a point.","AQA uses 'period'"
"452","Edited","State the standard units for time period.","Seconds (s)","State the SI unit of period.","Second (s)","SI unit wording"
"453","Edited","In words, state the equation that links frequency and time period.","time period = 1 ÷ frequency","In words, state the equation that links period and frequency.","period = 1 ÷ frequency","Wording"
"454","Edited","In symbols, state the equation that links frequency and time period.","T = 1 ÷ f","In symbols, state the equation that links period and frequency.","T = 1 ÷ f","Wording"
"789","New","","","In words, state the equation that links wave speed, frequency and wavelength.","wave speed = frequency × wavelength
(v = f λ)","New: fills a gap against the specification"
"790","New","","","Define the amplitude of a wave.","The maximum displacement of a point on the wave from its undisturbed position.","New: fills a gap against the specification"
"791","New","","","Define wave speed.","The speed at which energy is transferred (or the wave moves) through the medium.","New: fills a gap against the specification"
"792","New","","","Describe a method to measure the speed of sound in air.","Two people stand a measured distance apart. One makes a loud, visible sound (e.g. claps two boards); the other times the delay between seeing and hearing it. Speed = distance ÷ time.","New: fills a gap against the specification"
"793","New","","","A sound wave passes from one medium into another. State which of its speed, frequency and wavelength stays the same.","The frequency (the speed and the wavelength both change).","New: fills a gap against the specification"
"456","Edited","A ripple tank produces alternating light and dark shadows under the tank. Describe what these areas show.","The dark shadows show the peak of a wave (where the light has travelled through more water). The light areas show the troughs of a wave (where the light has travelled through less water).","A ripple tank produces a pattern of bright and dark lines on the screen under the tank. State what these lines show.","The bright lines are the peaks (crests), which focus the light like a lens.
The dark lines are the troughs, which spread the light out.","Physics corrected: peaks give the bright lines, not the dark ones. Please check against your own tank."
"457","Edited","Describe how waves are produced in a ripple tank.","An oscillator is made to repeatedly push against the surface of the water in a direction which is perpendicular to the surface.","Describe how waves are produced in a ripple tank.","A motor makes a dipper (a wooden bar) vibrate up and down, touching the surface of the water.","Wording"
"458","Removed","Describe how to accurately measure the wavelength of a wave in a ripple tank.","Set the ripple tank running. Place a ruler next to the shadows formed under the ripple tank (ensuring the ruler is perpendicular). Take a photograph of the waves. Measure the length between the first dark line and the last dark line. Count how many waves there are between the first dark line and the last dark line. Divide the length measured by the number of waves to calculate the wavelength.","","","Removed: long method answer, not quick recall"
"459","Edited","Describe how to accurately measure the frequency of a wave in a ripple tank.","Set the ripple tank running. Start a stopwatch. Count the number of waves that reach the edge of the tank in a set time period (e.g. 60 s). Divide the number of waves counted by the time that has elapsed to calculate the frequency.","Describe how to measure the frequency of the waves in a ripple tank accurately.","1. Count the number of waves that pass a fixed point in a set time, e.g. 10 s (a slow-motion video helps).
2. Divide the number of waves by the time in seconds.","Line breaks restored / set out as steps"
"460","Edited","Describe how to accurately measure the speed of a wave in a ripple tank.","Multiply the measured frequency by the measured wavelength. OR Measure the length that a single wave can travel in the ripple tank using a ruler. Set the ripple tank running. Record a slow motion video of the waves. Use the timings in the video to calculate how long it takes one wave to reach the edge of the tank from the oscillator. Use the equation speed = distance ÷ time to calculate the speed.","Describe two ways to find the speed of the waves in a ripple tank.","Either: multiply the frequency by the wavelength (v = f λ).\nOr: time a wavefront over a measured distance and use speed = distance ÷ time.","Line breaks restored / set out as steps"
"461","Removed","Describe a method to form waves on a piece of string.","Attach a vibration generator to one end of a horizontal string with some hanging masses attached to the other end, hanging off the edge of the surface via a pulley. Turn on the vibration generator to generate waves on the string.","","","Removed: long method answer, not quick recall"
"462","Edited","Describe how to accurately measure the frequency of a wave on a piece of string.","Read off the frequency from the vibration generator in Hz.","Describe how to find the frequency of a wave on a string.","Read it from the signal generator that drives the vibration generator.","Wording"
"463","Edited","Describe how to accurately measure the wavelength of a wave on a piece of string.","Place a ruler next to the waves formed on the piece of string. Measure the distance from the first wave to the last wave on the string. Count the number of full wavelengths. Divide the measured distance by the number of waves to calculate the wavelength.","Describe how to measure the wavelength of a wave on a string accurately.","Measure the length of several loops with a metre rule and divide by the number of loops.\nWavelength = 2 × the length of one loop.","Physics corrected: one loop of the standing wave is half a wavelength"
"464","Edited","Describe how to accurately measure the speed of a wave on a piece of string.","Multiply the measured frequency by the measured wavelength.","Describe how to find the speed of a wave on a string.","Multiply the measured frequency by the measured wavelength.","Wording"
"466","Edited","When a wave hits a new medium, name the imaginary line drawn at 90° to the boundary.","The normal line","A wave meets a boundary between two materials. Name the imaginary line drawn at 90° to the boundary.","The normal","Wording"
"467","Edited","Define transmit.","The process where a wave passes through a new medium.","State what it means for a wave to be transmitted at a boundary.","The wave passes through the new material.","Wording"
"468","Edited","Define absorb.","The process where the energy of a wave is taken up by a new medium.","State what it means for a wave to be absorbed at a boundary.","The energy of the wave is transferred to the material (e.g. heating it).","Wording"
"469","Edited","Define reflect.","The process where a wave hits a new medium and bounces away from it.","State what it means for a wave to be reflected at a boundary.","The wave bounces back off the boundary.","Wording"
"794","New","","","State the law of reflection.","The angle of incidence is equal to the angle of reflection.","New: fills a gap against the specification"
"795","New","","","Name the three things that can happen to a wave at a boundary between two materials.","It can be reflected, absorbed or transmitted.","New: fills a gap against the specification"
"471","Edited","When investigating reflection and refraction of light, describe how the normal line should be drawn.","As a line perpendicular to the boundary, drawn at the point where the light will hit the boundary.","When investigating reflection and refraction of light, describe how the normal line should be drawn.","As a line at 90° to the boundary, drawn at the point where the ray meets the boundary.","Wording"
"472","Edited","When investigating reflection and refraction of light, describe how the angle of incidence should be measured.","The angle between the incident ray and the normal line.","When investigating reflection and refraction of light, state how the angle of incidence is measured.","Between the incident ray and the normal.","Wording"
"473","Edited","When investigating reflection and refraction of light, describe how the angle of reflection should be measured.","The angle between the reflected ray and the normal line.","When investigating reflection and refraction of light, state how the angle of reflection is measured.","Between the reflected ray and the normal.","Wording"
"474","Edited","When investigating reflection and refraction of light, describe how the angle of refraction should be measured.","The angle between the refracted ray and the normal line.","When investigating reflection and refraction of light, state how the angle of refraction is measured.","Between the refracted ray and the normal.","Wording"
"475","Edited","Describe the relationship between the angle of incidence and the angle of reflection.","As the angle of incidence increases, the angle of reflection increases. These angles should be equal.","Describe the relationship between the angle of incidence and the angle of reflection.","They are equal: angle of incidence = angle of reflection.","Wording"
"476","Edited","If light is moving into a denser medium, describe the relationship between the angle of incidence and the angle of refraction.","As the angle of incidence increases, the angle of refraction increases.","Light passes from air into glass. Compare the angle of refraction with the angle of incidence.","The angle of refraction is smaller than the angle of incidence (the ray bends towards the normal).","476 and 477 had identical answers; now they test the direction of bending. Moved to Electromagnetic waves (spec 4.6.2.2, Combined)"
"477","Edited","If light is moving into a less dense medium, describe the relationship between the angle of incidence and the angle of refraction.","As the angle of incidence increases, the angle of refraction increases.","Light passes from glass into air. Compare the angle of refraction with the angle of incidence.","The angle of refraction is larger than the angle of incidence (the ray bends away from the normal).","See 476. Moved to Electromagnetic waves"
"796","New","","","Name the piece of equipment used to produce a narrow ray of light.","A ray box (with a single slit)","New: fills a gap against the specification"
"797","New","","","Explain why a narrow ray of light is used when investigating reflection and refraction.","The position of a narrow ray can be marked more accurately, so the angles are measured more accurately.","New: fills a gap against the specification"
"798","New","","","Name the instrument used to measure the angles of incidence, reflection and refraction.","A protractor","New: fills a gap against the specification"
"478","Edited","State what happens to the speed of sound when it enters a denser medium.","It increases.","State what happens to the speed of a sound wave when it passes from air into a solid.","It increases.","'Denser medium' is not a reliable rule for sound"
"479","Edited","State what might happen to the volume of a sound when it enters a denser medium.","It might decrease.","State what happens to the loudness of a sound when it passes from air into a solid, and why.","It decreases, because some of the sound is reflected or absorbed at the boundary.","Original answer was vague"
"480","Edited","Name the part of the human ear that detects sound waves.","The eardrum","Name the part of the human ear that detects sound waves.","The eardrum (sound waves make it vibrate)","Wording"
"482","Edited","State the range of human hearing.","20 Hz – 20 kHz","State the range of human hearing.","20 Hz to 20 kHz (20 000 Hz)","Wording"
"485","Edited","Give two uses of ultrasound imaging.","Medical imaging and industrial imaging","Give two uses of ultrasound imaging.","Medical imaging (e.g. scans of an unborn baby) and industrial imaging (e.g. finding flaws in materials)","Wording"
"489","Edited","Name the states of matter in which P-waves can travel.","Solid and liquid","Name the states of matter in which P-waves can travel.","Solids and liquids","Wording"
"491","Edited","Name the state of matter in which can S-waves can travel.","Solid","Name the state of matter in which S-waves can travel.","Solids only (they cannot travel through liquids)","Typo"
"799","New","","","Describe how a sound wave travels through a solid.","It makes the particles of the solid vibrate, and the vibrations are passed on from particle to particle.","New: fills a gap against the specification"
"800","New","","","Explain why human hearing is limited to a range of frequencies.","Sound waves are converted into vibrations of solids (such as the eardrum) only over a limited range of frequencies.","New: fills a gap against the specification"
"801","New","","","State what happens to an ultrasound wave when it meets a boundary between two different media.","It is partially reflected.","New: fills a gap against the specification"
"802","New","","","Describe how ultrasound is used to find the distance to a boundary.","Measure the time taken for the reflection to return to the detector. Distance to the boundary = speed × time ÷ 2.","New: fills a gap against the specification"
"803","New","","","State what echo sounding is used for.","Detecting objects in deep water and measuring the depth of the water (using high-frequency sound waves).","New: fills a gap against the specification"
"804","New","","","State what the study of seismic waves has provided evidence for.","The structure and size of the Earth's core.","New: fills a gap against the specification"
"805","New","","","Explain how S-waves provide evidence that part of the Earth's core is liquid.","S-waves cannot travel through a liquid, and they are not detected on the opposite side of the Earth from an earthquake.","New: fills a gap against the specification"
"493","Edited","State what oscillates in electromagnetic waves.","The electromagnetic field","State what oscillates in electromagnetic waves.","Electric and magnetic fields","Wording"
"494","Edited","Explain why electromagnetic waves can travel in a vacuum.","They do not need particles to travel.","Explain why electromagnetic waves can travel in a vacuum.","They are oscillations of electric and magnetic fields, not of particles, so they do not need a medium.","Wording"
"495","Edited","Name the seven groups of the electromagnetic spectrum.","Radio, microwave, infrared, visible, ultraviolet, x-ray and gamma rays","Name the seven groups of the electromagnetic spectrum, in order from longest to shortest wavelength.","Radio waves, microwaves, infrared, visible light, ultraviolet, X-rays and gamma rays","Wording"
"496","Edited","Name the group of the electromagnetic spectrum with the longest wavelength.","Radio","Name the group of the electromagnetic spectrum with the longest wavelength.","Radio waves","Wording"
"498","Edited","Name the group of the electromagnetic spectrum which human eyes can detect.","Visible","Name the group of the electromagnetic spectrum which human eyes can detect.","Visible light","Wording"
"499","Edited","Define refraction.","When a wave changes direction when it enters a new medium.","Define refraction.","The change in direction of a wave when it crosses a boundary between two media.","Wording"
"500","Edited","Give three scenarios in which refraction does not happen.","When the wave is reflected. When the wave hits the new medium along the normal line. When there is no change in density.","Give two situations in which a wave crossing a boundary does not change direction.","When it travels along the normal (meets the boundary at 90°).
When its speed is the same in both media.","Physics corrected: refraction depends on a change of speed, not density; Line breaks restored / set out as steps"
"501","Edited","Explain why refraction happens.","When a wave enters a new medium, it changes speed.","Explain why refraction happens.","The wave travels at a different speed in the new medium.","Wording"
"502","Edited","Name the process shown in this wavefront diagram.","Refraction of a wave","Name the process shown in this wavefront diagram.","Refraction","Wording; Diagram added"
"503","Edited","In this diagram, state what labels A, B, C and D represent.","A - incident ray B - angle of incidence C - refracted ray D - angle of refraction","In this diagram, state what labels A, B, C and D represent.","A: incident ray
B: angle of incidence
C: refracted ray
D: angle of refraction","Line breaks restored / set out as steps; Diagram added"
"504","Edited","Describe how radio waves can be produced.","Oscillations of charges in electrical circuits.","Describe how radio waves can be produced.","By oscillations of charge (an alternating current) in an electrical circuit.","Wording"
"505","Edited","Describe how radio waves can be detected.","Radio waves make charges oscillate in electrical circuits (at the same frequency as themselves). Electrical devices like radios can therefore detect them.","Describe how radio waves can be detected.","The radio waves are absorbed by an aerial and create an alternating current in the circuit, with the same frequency as the radio wave.","AQA wording"
"506","Edited","State two hazards of ultraviolet radiation.","Premature aging of skin and possible skin cancer","State two hazards of ultraviolet radiation.","Premature ageing of the skin and an increased risk of skin cancer","Wording"
"507","Edited","State the hazards of x-ray and gamma radiation.","Mutation of genes and cancer","State the hazards of x-ray and gamma radiation.","They are ionising: they can cause mutation of genes and cancer.","Wording"
"508","Edited","State what radio waves are used for.","Communication (television and radio)","State what radio waves are used for.","Television and radio signals","Wording"
"509","Edited","State what microwaves are used for.","Communication (satellites) and cooking food (one specific wavelength of microwaves)","State what microwaves are used for.","Satellite communications and cooking food","Wording"
"510","Edited","State what infrared light is used for.","Electrical heaters, cooking food, infrared cameras","State what infrared radiation is used for.","Electrical heaters, cooking food and infrared cameras","Wording"
"511","Edited","State what visible light is used for.","Fibre optic communication","State what visible light is used for.","Fibre optic communications","Wording"
"512","Edited","State what ultraviolet light is used for.","Energy efficient lamps, suntanning","State what ultraviolet radiation is used for.","Energy-efficient lamps and sun tanning","Wording"
"806","New","","","State what all electromagnetic waves have in common when they travel through a vacuum.","They all travel at the same speed.","New: fills a gap against the specification"
"807","New","","","Name the group of the electromagnetic spectrum with the highest frequency.","Gamma rays","New: fills a gap against the specification"
"808","New","","","State what electromagnetic waves transfer.","Energy, from the source of the waves to an absorber.","New: fills a gap against the specification"
"809","New","","","State what kind of spectrum the electromagnetic waves form.","A continuous spectrum.","New: fills a gap against the specification"
"810","New","","","State where gamma rays originate.","From changes in the nucleus of an atom.","New: fills a gap against the specification"
"811","New","","","Explain why microwaves are suitable for satellite communications.","They can pass through the Earth's atmosphere without being absorbed or reflected.","New: fills a gap against the specification"
"812","New","","","Explain why X-rays are suitable for producing images of bones.","They pass through soft tissue but are absorbed by bone.","New: fills a gap against the specification"
"813","New","","","State the two things that the hazard from ultraviolet waves, X-rays and gamma rays depends on.","The type of radiation and the size of the dose.","New: fills a gap against the specification"
"514","Edited","Describe a Leslie cube.","An empty metallic cube with sides painted in different colours/textures.","Describe a Leslie cube.","A hollow metal cube whose faces have different surfaces (e.g. matt black, shiny black, white and shiny silver). It is filled with hot water.","Wording"
"515","Edited","When investigating the amount of infrared radiation emitted from different surfaces, name the independent variable.","Colour of the surface","When investigating the amount of infrared radiation emitted from different surfaces, name the independent variable.","The type of surface (its colour and texture)","Wording"
"518","Edited","Describe how the amount of infrared radiation emitted from a surface can be measured.","By the temperature, measured with an infrared sensor.","Describe how the amount of infrared radiation emitted from a surface can be measured.","With an infrared detector held a fixed distance from the surface.","Wording"
"520","Removed","A student wants to measure how the colour of a surface affects the amount of infrared radiation it emits. Outline a method to do this. Ensure the method would lead to valid results.","Take a Leslie cube and fill it with hot water so that all sides are at the same temperature. Take repeated readings of the temperature from each of the different coloured sides, ensuring the infrared sensor is the same distance from each of the surfaces. For each surface, calculate the mean temperature reading.","","","Removed: long method answer, not quick recall"
"521","Edited","If each side of a Leslie cube is the same temperature, explain why some surfaces give higher/lower readings on the infrared sensor.","The different colours of the surfaces can be better/worse at emitting infrared radiation. Colours that are good emitters will give larger infrared temperature readings.","If each side of a Leslie cube is the same temperature, explain why some surfaces give higher/lower readings on the infrared sensor.","Different surfaces emit infrared radiation at different rates. Matt black surfaces are the best emitters and give the highest readings; shiny silver surfaces are the worst.","More specific"
"814","New","","","State the type of surface that is the best emitter of infrared radiation.","A matt black surface","New: fills a gap against the specification"
"815","New","","","State the type of surface that is the worst emitter of infrared radiation.","A shiny silver surface","New: fills a gap against the specification"
"816","New","","","State the type of surface that is the best absorber of infrared radiation.","A matt black surface","New: fills a gap against the specification"
"523","Edited","Describe what a convex lens does to parallel rays of light.","Focuses them to a point (the principle focus).","Describe what a convex lens does to parallel rays of light.","It brings them together (converges them) to a point called the principal focus.","Typo"
"524","Edited","Define focal length of a lens.","The distance from the lens to the principal focus.","Define the focal length of a lens.","The distance from the lens to the principal focus.","Wording"
"525","Edited","Describe what a concave lens does to parallel rays of light.","Spreads them out, making them appear to be coming from a single point (the principle focus).","Describe what a concave lens does to parallel rays of light.","It spreads them out (diverges them) so that they appear to come from a point called the principal focus.","Typo"
"526","Edited","Define real image.","An image formed where actual rays of light intersect.","Define a real image.","An image formed where rays of light actually meet.","Wording"
"527","Edited","Define virtual image.","An image formed where rays of light appear to intersect (although they do not really intersect there).","Define a virtual image.","An image formed where rays of light only appear to come from (they do not actually meet there).","Wording"
"530","Edited","Name the type of lens that this symbol represents.","A convex lens","Name the type of lens that this symbol represents.","A convex lens","Diagram added"
"531","Edited","Name the type of lens that this symbol represents.","A concave lens","Name the type of lens that this symbol represents.","A concave lens","Diagram added"
"532","Edited","Name the type of lens shown in this ray diagram.","A convex lens","Name the type of lens shown in this ray diagram.","A convex lens","Diagram added"
"533","Edited","Name the type of lens shown in this ray diagram.","A concave lens","Name the type of lens shown in this ray diagram.","A concave lens","Diagram added"
"534","Edited","State how the waves of different colours of light are different from one another.","They have different wavelengths.","State how the waves of different colours of light are different from one another.","They have different wavelengths (and frequencies).","Wording"
"535","Edited","Define specular reflection.","Reflection from a smooth surface.","Define specular reflection.","Reflection from a smooth surface in a single direction.","AQA wording"
"536","Edited","Define diffuse reflection.","Reflection from a rough surface.","Define diffuse reflection.","Reflection from a rough surface, which scatters the light in many directions.","AQA wording"
"537","Edited","Explain how colour filters work.","They allow specific colours of light to be transmitted whilst absorbing the rest.","Explain how colour filters work.","They transmit certain wavelengths (colours) of light and absorb all the others.","Wording"
"539","Edited","Explain why white objects appear white.","They reflect all colours of light equally.","Explain why white objects appear white.","They reflect all wavelengths (colours) of visible light equally.","Wording"
"540","Edited","Explain why black objects appear black.","They absorb all colours of light.","Explain why black objects appear black.","They absorb all wavelengths (colours) of visible light.","Wording"
"817","New","","","In words, state the equation for magnification.","magnification = image height ÷ object height","New: fills a gap against the specification"
"818","New","","","State the unit of magnification.","It has no unit (it is a ratio).","New: fills a gap against the specification"
"819","New","","","State the types of image that a convex lens can produce.","Real or virtual (depending on how far the object is from the lens).","New: fills a gap against the specification"
"820","New","","","State what determines the colour of an opaque object.","The wavelengths of light that it reflects most strongly.","New: fills a gap against the specification"
"821","New","","","State what an opaque object does to light.","It does not transmit any light: the light is absorbed or reflected.","New: fills a gap against the specification"
"822","New","","","A blue object is viewed in red light. State and explain the colour it appears.","Black.
It absorbs the red light, and there is no blue light for it to reflect.","New: fills a gap against the specification"
"542","Edited","Describe the relationship between the temperature of an object and the amount of infrared radiation that it emits.","As the temperature of an object increases, the more infrared radiation it emits.","Describe the relationship between the temperature of an object and the amount of infrared radiation that it emits.","The hotter the object, the more infrared radiation it emits in a given time.","Wording"
"543","Edited","Define a perfect black body.","Something that absorbs all radiation that hits it (and is also the best possible emitter).","Define a perfect black body.","An object that absorbs all the radiation incident on it (it reflects and transmits none). It is also the best possible emitter.","AQA wording"
"545","Edited","Describe what happens to the peak of the intensity distribution as the temperature of an object increases.","It shifts to higher energies and gets wider.","Describe how the radiation emitted by an object changes as its temperature increases.","The intensity of every wavelength increases, and the peak moves to a shorter wavelength (higher frequency).","Physics corrected: the distribution does not simply 'get wider'"
"546","Edited","If an object is at a constant temperature, state what this means about the radiation it emits and absorbs.","They are in equilibrium, the object is emitting and absorbing at the same rate.","If an object is at a constant temperature, state what this means about the radiation it emits and absorbs.","It absorbs radiation at the same rate as it emits radiation.","Wording"
"823","New","","","State what all bodies do, whatever their temperature.","They emit and absorb infrared radiation.","New: fills a gap against the specification"
"824","New","","","In terms of emission and absorption of radiation, state when the temperature of an object will decrease.","When it emits radiation faster than it absorbs it.","New: fills a gap against the specification"
"825","New","","","Give three factors that the temperature of the Earth depends on.","The rate at which it absorbs radiation, the rate at which it emits radiation, and how much radiation is reflected back into space.","New: fills a gap against the specification"
"548","Edited","In terms of physics, define attract.","When a force brings two objects closer together.","In terms of physics, define attract.","When a force pulls two objects towards each other.","Wording"
"549","Edited","In terms of physics, define repel.","When a force pushes two objects further apart.","In terms of physics, define repel.","When a force pushes two objects away from each other.","Wording"
"550","Edited","State the names for the two ends of a magnet.","The north and south pole","State the names for the two ends of a magnet.","The north pole and the south pole","Wording"
"555","Edited","Define permanent magnet.","A magnet which always generates a magnetic field around it.","Define a permanent magnet.","A magnet that produces its own magnetic field.","AQA wording"
"556","Edited","Define induced magnet.","A material which generates a magnetic field around it only when it is placed inside another magnetic field.","Define an induced magnet.","A material that becomes a magnet when it is placed in a magnetic field (and loses most of its magnetism when it is removed).","AQA wording"
"562","Edited","State the direction in which magnetic field lines point.","From north to south.","State the direction in which magnetic field lines point.","From the north pole to the south pole.","Wording"
"563","Edited","Define compass.","A small magnet that is free to rotate.","Describe what a compass contains.","A small bar magnet (the needle) that is free to rotate.","Wording"
"564","Edited","Give two ways to find the shape of the magnetic field around a permanent magnet.","Use a compass or sprinkle iron filings around the magnet.","Give two ways to find the shape of the magnetic field around a permanent magnet.","Use plotting compasses, or sprinkle iron filings around the magnet.","Wording"
"565","Edited","Describe how the direction of the magnetic field around a permanent magnet can be found.","By using a compass, which will point towards the south pole.","Describe how the direction of the magnetic field around a permanent magnet can be found.","Place a plotting compass in the field: its needle points along the field line, away from the north pole and towards the south pole.","Wording"
"566","Edited","Name the magnetic pole at the arrowhead end of a compass.","Magnetic north pole","Name the pole at the end of a compass needle that points north.","A north (north-seeking) pole","Wording"
"567","Edited","Name the magnetic pole at the geographic north pole.","Magnetic south pole","State the type of magnetic pole found near the Earth's geographic North Pole.","A magnetic south pole (it attracts the north pole of a compass needle)","Wording"
"568","Edited","Explain why the Earth has a magnetic field around it.","The core of the Earth is made of iron and nickel.","State the evidence that the Earth's core is magnetic.","A compass needle lines up in the same (north–south) direction wherever it is on the Earth.","Original answer (iron and nickel core) is not the specification point"
"826","New","","","Define a magnetic field.","The region around a magnet where a force acts on another magnet or on a magnetic material.","New: fills a gap against the specification"
"827","New","","","State whether the force between two magnets is a contact or a non-contact force.","A non-contact force","New: fills a gap against the specification"
"828","New","","","State what happens to an induced magnet when it is removed from the magnetic field.","It loses most or all of its magnetism quickly.","New: fills a gap against the specification"
"829","New","","","State how the direction of a magnetic field at a point is defined.","It is the direction of the force that would act on a north pole placed at that point.","New: fills a gap against the specification"
"569","Edited","Describe when a wire will have a magnetic field around it.","When there is a current flowing through the wire.","Describe when a wire will have a magnetic field around it.","When there is a current in the wire.","Wording"
"570","Edited","Describe the shape of the magnetic field around a straight piece of wire.","A circle","Describe the shape of the magnetic field around a straight piece of wire.","Concentric circles around the wire.","Wording"
"571","Edited","State what the strength of the magnetic field around a wire depends on.","Current flowing through the wire and distance from the wire","State what the strength of the magnetic field around a wire depends on.","The size of the current and the distance from the wire","Wording"
"572","Edited","Define solenoid.","A coil of wire with a current flowing through it.","Define a solenoid.","A long coil of wire (it produces a magnetic field when there is a current in it).","Wording"
"575","Edited","Describe how a simple electromagnet can be made.","Place a soft magnetic core inside a solenoid (wrap a wire around a piece of magnetic metal). Make a current flow through the wire.","Describe how a simple electromagnet can be made.","Wrap a coil of wire (a solenoid) around an iron core and pass a current through the wire.","Wording"
"577","Edited","Give two ways to increase the strength of the magnetic field around an electromagnet.","More turns on the coil and a greater current in the wire.","Give two ways to increase the strength of the magnetic field around an electromagnet.","Increase the current, or add more turns to the coil.","Wording"
"830","New","","","State the effect of adding an iron core to a solenoid.","It increases the strength of the magnetic field.","New: fills a gap against the specification"
"831","New","","","State how the direction of the magnetic field around a wire can be reversed.","By reversing the direction of the current.","New: fills a gap against the specification"
"832","New","","","State the effect on the magnetic field of shaping a wire into a solenoid.","It makes the magnetic field stronger.","New: fills a gap against the specification"
"578","Edited","Describe the motor effect.","When a current-carrying wire and a permanent magnet interact so that there is a force (due to them both having magnetic fields).","Describe the motor effect.","A conductor carrying a current in a magnetic field experiences a force, because its own magnetic field interacts with the field of the magnet.","AQA wording"
"579","Edited","In Fleming’s left-hand rule, state what the thumb represents.","The direction of the force","In Fleming's left-hand rule, state what the thumb represents.","The direction of the force (motion)","Wording"
"580","Edited","In Fleming’s left-hand rule, state what the first finger represents.","The direction of the magnetic field from the permanent magnet","In Fleming's left-hand rule, state what the first finger represents.","The direction of the magnetic field (north to south)","Wording"
"581","Edited","In Fleming’s left-hand rule, state what the second finger represents.","The direction of the current","In Fleming's left-hand rule, state what the second finger represents.","The direction of the (conventional) current","Wording"
"582","Edited","Give three things that can increase the force on a wire in a magnetic field.","Strength of the magnetic field, size of the current and length of the wire within the magnetic field","Give three ways to increase the force on a current-carrying wire in a magnetic field.","Increase the magnetic flux density (use a stronger magnet), increase the current, and increase the length of wire in the field","Wording"
"583","Edited","Define magnetic flux density.","The strength of the magnetic field","Define magnetic flux density.","A measure of the strength of a magnetic field.","Wording"
"584","Edited","State the standard units for magnetic flux density.","Tesla (T)","State the SI unit of magnetic flux density.","Tesla (T)","SI unit wording"
"585","Edited","Describe what will happen to a coil of wire with a current flowing through it if it is placed in a magnetic field.","The coil of wire will rotate.","Describe what will happen to a coil of wire with a current flowing through it if it is placed in a magnetic field.","The coil rotates, because the forces on its two sides are in opposite directions.","Reason added"
"588","Edited","Describe how a loudspeaker produces a sound in air.","The cone vibrates. The cone hits particles in the air and causes them to oscillate. These oscillations form the sound wave.","Describe how a loudspeaker produces a sound in air.","An alternating current in the coil makes the coil and the cone move back and forth (the motor effect). The vibrating cone makes the air particles vibrate, producing a sound wave.","Role of the current added"
"833","New","","","State the equation for the force on a conductor carrying a current at right angles to a magnetic field.","force = magnetic flux density × current × length
(F = B I l)","New: fills a gap against the specification"
"834","New","","","Give two ways to reverse the direction of the force on a current-carrying wire in a magnetic field.","Reverse the direction of the current, or reverse the direction of the magnetic field.","New: fills a gap against the specification"
"835","New","","","Give two ways to make an electric motor spin faster.","Increase the current, or use a stronger magnetic field.","New: fills a gap against the specification"
"591","Edited","State what is produced by the generator effect.","A current","State what is induced by the generator effect.","A potential difference (and a current, if the conductor is part of a complete circuit).","Physics corrected: a potential difference is induced"
"592","Edited","Give the three key components of the generator effect.","A permanent magnetic field, a wire within the magnetic field and a way to make the magnetic field around the wire change.","State what is needed for the generator effect to occur.","A conductor and a magnetic field, with either the conductor moving relative to the field or the magnetic field around the conductor changing.","Wording"
"593","Edited","Name four ways in which the size of the current produced by the generator effect can be increased.","Stronger permanent magnet, larger relative change of the magnetic field, more coils and larger coils","Give three ways to increase the size of the induced potential difference.","Use a stronger magnetic field, move the conductor (or magnet) faster, and use a coil with more turns.","Original answer was unclear"
"594","Edited","Describe how the direction of the current that is induced in a wire by the generator effect can be changed.","Swap the direction of the permanent magnetic field.","Describe how the direction of the induced potential difference (and current) can be reversed.","Reverse the direction of movement, or reverse the direction of the magnetic field.","Wording"
"595","Edited","State the difference between an alternator and a dynamo.","Alternators generate alternating current, whereas dynamos generate direct current.","State the difference between an alternator and a dynamo.","An alternator generates alternating current; a dynamo generates direct current.","Wording"
"597","Edited","Describe how a microphone works.","Sound waves are turned into vibrations of a diaphragm in the microphone, which connects to a generator to convert the motion into an electrical signal.","Describe how a microphone works.","Sound waves make a diaphragm vibrate. The diaphragm moves a coil in a magnetic field, which induces a changing potential difference: an electrical signal that matches the sound wave.","Physics corrected: a microphone is itself the generator"
"598","Edited","Name the effect used in transformers.","The generator effect","Name the effect used in transformers.","The generator effect (electromagnetic induction)","Wording"
"599","Edited","Describe the structure of a transformer","An iron core with a primary coil of wire wrapped around one side of the core and a secondary coil wrapped around the other side.","Describe the structure of a transformer.","A primary coil and a secondary coil of wire, wound on an iron core.","Wording"
"602","Edited","Describe the number of turns on the primary and secondary coils of a step-up transformer.","There are more turns on the secondary coil.","Describe the number of turns on the primary and secondary coils of a step-up transformer.","There are more turns on the secondary coil than on the primary coil.","Wording"
"603","Edited","Describe the number of turns on the primary and secondary coils of a step-down transformer.","There are fewer turns on the secondary coil.","Describe the number of turns on the primary and secondary coils of a step-down transformer.","There are fewer turns on the secondary coil than on the primary coil.","Wording"
"604","Edited","In an ideal transformer, describe how the power input and power output will be related.","The power input will be the same as the power output.","In an ideal transformer, describe how the power input and power output will be related.","The power output is equal to the power input.","Wording"
"607","Edited","Explain why a transformer needs an iron core.","The core becomes magnetic due to the magnetic field around the primary coil. The secondary coil experiences this magnetic field and induces a current in that coil.","Explain why a transformer needs an iron core.","The alternating current in the primary coil makes a changing magnetic field in the iron core, which induces an alternating potential difference across the secondary coil.","Physics corrected: the field must be changing; a potential difference is induced"
"836","New","","","State what the magnetic field of an induced current does.","It opposes the original change (the movement of the conductor or the change in the magnetic field).","New: fills a gap against the specification"
"837","New","","","Explain why a transformer does not work with a direct current.","A direct current produces a constant magnetic field, and a changing magnetic field is needed to induce a potential difference in the secondary coil.","New: fills a gap against the specification"
"838","New","","","In words, state the equation that links the potential differences and the numbers of turns for a transformer.","p.d. across primary ÷ p.d. across secondary = turns on primary ÷ turns on secondary
(Vp ÷ Vs = np ÷ ns)","New: fills a gap against the specification"
"839","New","","","State the equation for a transformer that is 100% efficient.","Vs × Is = Vp × Ip
(power output = power input)","New: fills a gap against the specification"
"840","New","","","Describe the potential difference–time graph for an alternator.","The potential difference repeatedly changes direction: a wave that goes equally above and below zero.","New: fills a gap against the specification"
"841","New","","","Describe the potential difference–time graph for a dynamo.","The potential difference rises and falls but is always in the same direction (it never goes below zero).","New: fills a gap against the specification"
"608","Edited","Name the main objects in our Solar System.","Our star (the Sun), eight planets, dwarf planets, asteroids and comets","Name the main objects in our Solar System.","One star (the Sun), eight planets, dwarf planets, moons (natural satellites), asteroids and comets","Moons added"
"610","Edited","Define galaxy.","A large collection of dust, gas and stars held together by gravity.","Define a galaxy.","A huge collection of stars (billions), with gas and dust, held together by gravity.","Wording"
"614","Edited","Define protostar.","The stage before a star is formed, where the dust and gas of a nebula is attracted together and the temperature increases.","Define a protostar.","A hot, dense ball of gas formed as gravity pulls a nebula together; it is not yet hot enough for fusion.","Wording"
"616","Edited","Explain why main sequence stars are in a state of equilibrium.","The force of gravity pulling the material inwards is balanced by an outwards force due to nuclear fusion.","Explain why main sequence stars are in a state of equilibrium.","The inward force of gravity is balanced by the outward force from the expansion caused by fusion energy.","AQA wording"
"617","Edited","State what small main sequence stars will eventually become.","Red giants, then white dwarfs (with a planetary nebula), then black dwarfs.","State what a star about the same size as the Sun becomes after its main sequence stage.","A red giant, then a white dwarf, then a black dwarf.","AQA wording"
"618","Edited","State what large main sequence stars will eventually become.","Red supergiants, then a supernova leading to either a neutron star or a black hole.","State what a star much bigger than the Sun becomes after its main sequence stage.","A red super giant, then a supernova, which leaves either a neutron star or a black hole.","AQA wording"
"619","Edited","State how elements up to iron in the Periodic Table are formed.","Nuclear fusion in stars.","State how elements up to iron in the periodic table are formed.","By nuclear fusion in stars.","Wording"
"620","Edited","State how elements beyond iron in the Periodic Table are formed.","By supernovae.","State how elements heavier than iron are formed.","In supernovae (the explosions of massive stars).","Wording"
"621","Edited","State what causes an object to orbit another object.","The gravitational attraction between them.","State what causes an object to orbit another object.","The force of gravity between them.","Wording"
"622","Edited","Define orbit.","The circular path that one object in space takes around another object.","Define an orbit.","The curved path (circular or elliptical) of one object around another object in space.","Orbits are not always circular"
"623","Edited","Name a natural satellite of Earth.","The moon","Name a natural satellite of Earth.","The Moon","Wording"
"624","Edited","Define artificial satellite.","An object put into orbit around an astronomical object by humans.","Define an artificial satellite.","An object placed in orbit around a planet by humans.","Wording"
"626","Edited","Explain why the velocity of an orbiting object changes but not the speed.","The orbiting object changes direction.","Explain why, in a circular orbit, the velocity of an object changes but its speed does not.","Gravity acts at right angles to the direction of motion, so it changes the direction (and so the velocity) but not the speed.","Answer completed"
"627","Edited","For a stable orbit, describe the relationship between the orbital speed and the orbital radius.","As the orbital radius increases, the orbital speed must decrease to remain in a stable orbit.","For a stable orbit, describe the relationship between the orbital speed and the orbital radius.","The smaller the orbital radius, the greater the orbital speed must be for the orbit to be stable.","Wording"
"842","New","","","State what the Sun was formed from.","A cloud of dust and gas (a nebula) pulled together by gravity.","New: fills a gap against the specification"
"843","New","","","State what natural satellites of planets are called.","Moons","New: fills a gap against the specification"
"844","New","","","List, in order, the stages in the life cycle of a star about the same size as the Sun.","Nebula, protostar, main sequence star, red giant, white dwarf, black dwarf","New: fills a gap against the specification"
"845","New","","","List, in order, the stages in the life cycle of a star much bigger than the Sun.","Nebula, protostar, main sequence star, red super giant, supernova, then a neutron star or a black hole","New: fills a gap against the specification"
"846","New","","","State how the elements made in stars are spread throughout the Universe.","By supernova explosions of massive stars.","New: fills a gap against the specification"
"847","New","","","State what planets orbit and what moons and artificial satellites orbit.","Planets orbit the Sun (a star).
Moons and artificial satellites orbit planets.","New: fills a gap against the specification"
"628","Edited","Define red shift.","The shift of waves to longer wavelengths (and smaller frequencies) as the source of the waves and observer move apart.","Define red shift.","The observed increase in the wavelength of light from distant galaxies (towards the red end of the spectrum) because they are moving away from us.","AQA wording"
"629","Edited","Explain why light from distant galaxies is red-shifted.","The distance between Earth and distant galaxies is increasing.","Explain why light from distant galaxies is red-shifted.","The galaxies are moving away from the Earth (space is expanding).","Wording"
"632","Edited","Describe the Big Bang theory.","The idea that the Universe used to be in a small, dense, hot region and has expanded ever since.","Describe the Big Bang theory.","The theory that the Universe began from a very small region that was extremely hot and dense, and has been expanding ever since.","AQA wording"
"633","Edited","Explain why red-shift is evidence for the Big Bang theory.","If all galaxies are moving apart, then they must have been closer together before, so at some stage they must have originated from a single point.","Explain why red-shift is evidence for the Big Bang theory.","Red-shift shows that distant galaxies are all moving away, the furthest fastest. So the Universe is expanding and must once have been concentrated in a very small region.","Wording"
"635","Edited","Describe the observation of supernovae in 1998 that altered our view of the Universe further.","The recession of distanct objects is accelerating.","Describe what observations of supernovae since 1998 suggest about the Universe.","Distant galaxies are receding ever faster: the expansion of the Universe is accelerating.","Typo"
"848","New","","","State what happens to the observed wavelength of light from a galaxy that is moving away from us.","It increases (the light is red-shifted).","New: fills a gap against the specification"
"849","New","","","State what the red-shift of distant galaxies provides evidence for.","That the Universe is expanding, which supports the Big Bang theory.","New: fills a gap against the specification"
